  0
SECTION
  2
HEADER
  9
$ACADVER
  1
AC1027
  9
$ACADMAINTVER
 70
   125
  9
$DWGCODEPAGE
  3
ANSI_1251
  9
$LASTSAVEDBY
  1
USER
  9
$REQUIREDVERSIONS
160
                 0
  9
$INSBASE
 10
0.0
 20
0.0
 30
0.0
  9
$EXTMIN
 10
0.0
 20
-0.0000000000000131
 30
-18.0
  9
$EXTMAX
 10
401.0
 20
261.0
 30
0.0
  9
$LIMMIN
 10
0.0
 20
0.0
  9
$LIMMAX
 10
12.0
 20
9.0
  9
$ORTHOMODE
 70
     0
  9
$REGENMODE
 70
     1
  9
$FILLMODE
 70
     1
  9
$QTEXTMODE
 70
     0
  9
$MIRRTEXT
 70
     0
  9
$LTSCALE
 40
1.0
  9
$ATTMODE
 70
     1
  9
$TEXTSIZE
 40
0.2
  9
$TRACEWID
 40
0.05
  9
$TEXTSTYLE
  7
Standard
  9
$CLAYER
  8
PancakeDefault
  9
$CELTYPE
  6
ByLayer
  9
$CECOLOR
 62
   256
  9
$CELTSCALE
 40
1.0
  9
$DISPSILH
 70
     0
  9
$DIMSCALE
 40
1.0
  9
$DIMASZ
 40
0.18
  9
$DIMEXO
 40
0.0625
  9
$DIMDLI
 40
0.38
  9
$DIMRND
 40
0.0
  9
$DIMDLE
 40
0.0
  9
$DIMEXE
 40
0.18
  9
$DIMTP
 40
0.0
  9
$DIMTM
 40
0.0
  9
$DIMTXT
 40
0.18
  9
$DIMCEN
 40
0.09
  9
$DIMTSZ
 40
0.0
  9
$DIMTOL
 70
     0
  9
$DIMLIM
 70
     0
  9
$DIMTIH
 70
     1
  9
$DIMTOH
 70
     1
  9
$DIMSE1
 70
     0
  9
$DIMSE2
 70
     0
  9
$DIMTAD
 70
     0
  9
$DIMZIN
 70
     0
  9
$DIMBLK
  1

  9
$DIMASO
 70
     1
  9
$DIMSHO
 70
     1
  9
$DIMPOST
  1

  9
$DIMAPOST
  1

  9
$DIMALT
 70
     0
  9
$DIMALTD
 70
     2
  9
$DIMALTF
 40
25.4
  9
$DIMLFAC
 40
1.0
  9
$DIMTOFL
 70
     0
  9
$DIMTVP
 40
0.0
  9
$DIMTIX
 70
     0
  9
$DIMSOXD
 70
     0
  9
$DIMSAH
 70
     0
  9
$DIMBLK1
  1

  9
$DIMBLK2
  1

  9
$DIMSTYLE
  2
STANDARD_ACAD
  9
$DIMCLRD
 70
     0
  9
$DIMCLRE
 70
     0
  9
$DIMCLRT
 70
     0
  9
$DIMTFAC
 40
1.0
  9
$DIMGAP
 40
0.09
  9
$DIMJUST
 70
     0
  9
$DIMSD1
 70
     0
  9
$DIMSD2
 70
     0
  9
$DIMTOLJ
 70
     1
  9
$DIMTZIN
 70
     0
  9
$DIMALTZ
 70
     0
  9
$DIMALTTZ
 70
     0
  9
$DIMUPT
 70
     0
  9
$DIMDEC
 70
     4
  9
$DIMTDEC
 70
     4
  9
$DIMALTU
 70
     2
  9
$DIMALTTD
 70
     2
  9
$DIMTXSTY
  7
Standard
  9
$DIMAUNIT
 70
     0
  9
$DIMADEC
 70
     0
  9
$DIMALTRND
 40
0.0
  9
$DIMAZIN
 70
     0
  9
$DIMDSEP
 70
    46
  9
$DIMATFIT
 70
     3
  9
$DIMFRAC
 70
     0
  9
$DIMLDRBLK
  1

  9
$DIMLUNIT
 70
     2
  9
$DIMLWD
 70
    -2
  9
$DIMLWE
 70
    -2
  9
$DIMTMOVE
 70
     2
  9
$DIMFXL
 40
1.0
  9
$DIMFXLON
 70
     0
  9
$DIMJOGANG
 40
0.7853981633974483
  9
$DIMTFILL
 70
     0
  9
$DIMTFILLCLR
 70
     0
  9
$DIMARCSYM
 70
     0
  9
$DIMLTYPE
  6

  9
$DIMLTEX1
  6

  9
$DIMLTEX2
  6

  9
$DIMTXTDIRECTION
 70
     0
  9
$LUNITS
 70
     2
  9
$LUPREC
 70
     3
  9
$SKETCHINC
 40
0.1
  9
$FILLETRAD
 40
0.0
  9
$AUNITS
 70
     0
  9
$AUPREC
 70
     0
  9
$MENU
  1
.
  9
$ELEVATION
 40
0.0
  9
$PELEVATION
 40
0.0
  9
$THICKNESS
 40
0.0
  9
$LIMCHECK
 70
     0
  9
$CHAMFERA
 40
0.0
  9
$CHAMFERB
 40
0.0
  9
$CHAMFERC
 40
0.0
  9
$CHAMFERD
 40
0.0
  9
$SKPOLY
 70
     0
  9
$TDCREATE
 40
2461288.450648148
  9
$TDUCREATE
 40
2461288.325652928
  9
$TDUPDATE
 40
2461288.462291667
  9
$TDUUPDATE
 40
2461288.337291667
  9
$TDINDWG
 40
0.0081828819
  9
$TDUSRTIMER
 40
0.0081828819
  9
$USRTIMER
 70
     1
  9
$ANGBASE
 50
0.0
  9
$ANGDIR
 70
     0
  9
$PDMODE
 70
     0
  9
$PDSIZE
 40
0.0
  9
$PLINEWID
 40
0.0
  9
$SPLFRAME
 70
     0
  9
$SPLINETYPE
 70
     6
  9
$SPLINESEGS
 70
     8
  9
$HANDSEED
  5
C2
  9
$SURFTAB1
 70
     6
  9
$SURFTAB2
 70
     6
  9
$SURFTYPE
 70
     6
  9
$SURFU
 70
     6
  9
$SURFV
 70
     6
  9
$UCSBASE
  2

  9
$UCSNAME
  2

  9
$UCSORG
 10
0.0
 20
0.0
 30
0.0
  9
$UCSXDIR
 10
1.0
 20
0.0
 30
0.0
  9
$UCSYDIR
 10
0.0
 20
1.0
 30
0.0
  9
$UCSORTHOREF
  2

  9
$UCSORTHOVIEW
 70
     0
  9
$UCSORGTOP
 10
0.0
 20
0.0
 30
0.0
  9
$UCSORGBOTTOM
 10
0.0
 20
0.0
 30
0.0
  9
$UCSORGLEFT
 10
0.0
 20
0.0
 30
0.0
  9
$UCSORGRIGHT
 10
0.0
 20
0.0
 30
0.0
  9
$UCSORGFRONT
 10
0.0
 20
0.0
 30
0.0
  9
$UCSORGBACK
 10
0.0
 20
0.0
 30
0.0
  9
$PUCSBASE
  2

  9
$PUCSNAME
  2

  9
$PUCSORG
 10
0.0
 20
0.0
 30
0.0
  9
$PUCSXDIR
 10
1.0
 20
0.0
 30
0.0
  9
$PUCSYDIR
 10
0.0
 20
1.0
 30
0.0
  9
$PUCSORTHOREF
  2

  9
$PUCSORTHOVIEW
 70
     0
  9
$PUCSORGTOP
 10
0.0
 20
0.0
 30
0.0
  9
$PUCSORGBOTTOM
 10
0.0
 20
0.0
 30
0.0
  9
$PUCSORGLEFT
 10
0.0
 20
0.0
 30
0.0
  9
$PUCSORGRIGHT
 10
0.0
 20
0.0
 30
0.0
  9
$PUCSORGFRONT
 10
0.0
 20
0.0
 30
0.0
  9
$PUCSORGBACK
 10
0.0
 20
0.0
 30
0.0
  9
$USERI1
 70
     0
  9
$USERI2
 70
     0
  9
$USERI3
 70
     0
  9
$USERI4
 70
     0
  9
$USERI5
 70
     0
  9
$USERR1
 40
0.0
  9
$USERR2
 40
0.0
  9
$USERR3
 40
0.0
  9
$USERR4
 40
0.0
  9
$USERR5
 40
0.0
  9
$WORLDVIEW
 70
     1
  9
$SHADEDGE
 70
     3
  9
$SHADEDIF
 70
    70
  9
$TILEMODE
 70
     1
  9
$MAXACTVP
 70
    64
  9
$PINSBASE
 10
0.0
 20
0.0
 30
0.0
  9
$PLIMCHECK
 70
     0
  9
$PEXTMIN
 10
1.000000000000000E+20
 20
1.000000000000000E+20
 30
1.000000000000000E+20
  9
$PEXTMAX
 10
-1.000000000000000E+20
 20
-1.000000000000000E+20
 30
-1.000000000000000E+20
  9
$PLIMMIN
 10
0.0
 20
0.0
  9
$PLIMMAX
 10
12.0
 20
9.0
  9
$UNITMODE
 70
     0
  9
$VISRETAIN
 70
     1
  9
$PLINEGEN
 70
     0
  9
$PSLTSCALE
 70
     1
  9
$TREEDEPTH
 70
  3020
  9
$CMLSTYLE
  2
Standard
  9
$CMLJUST
 70
     0
  9
$CMLSCALE
 40
1.0
  9
$PROXYGRAPHICS
 70
     1
  9
$MEASUREMENT
 70
     1
  9
$CELWEIGHT
370
    -1
  9
$ENDCAPS
280
     0
  9
$JOINSTYLE
280
     0
  9
$LWDISPLAY
290
     0
  9
$INSUNITS
 70
     4
  9
$HYPERLINKBASE
  1

  9
$STYLESHEET
  1

  9
$XEDIT
290
     1
  9
$CEPSNTYPE
380
     0
  9
$PSTYLEMODE
290
     1
  9
$FINGERPRINTGUID
  2
{D55D7527-9147-4933-BA74-E0F0003FC1DA}
  9
$VERSIONGUID
  2
{2FE6A0A3-7E4F-B34D-945C-D6ADD86603EE}
  9
$EXTNAMES
290
     1
  9
$PSVPSCALE
 40
0.0
  9
$OLESTARTUP
290
     0
  9
$SORTENTS
280
   127
  9
$INDEXCTL
280
     0
  9
$HIDETEXT
280
     1
  9
$XCLIPFRAME
280
     2
  9
$HALOGAP
280
     0
  9
$OBSCOLOR
 70
   257
  9
$OBSLTYPE
280
     0
  9
$INTERSECTIONDISPLAY
280
     0
  9
$INTERSECTIONCOLOR
 70
   257
  9
$DIMASSOC
280
     2
  9
$PROJECTNAME
  1

  9
$CAMERADISPLAY
290
     0
  9
$LENSLENGTH
 40
50.0
  9
$CAMERAHEIGHT
 40
0.0
  9
$STEPSPERSEC
 40
2.0
  9
$STEPSIZE
 40
6.0
  9
$3DDWFPREC
 40
2.0
  9
$PSOLWIDTH
 40
0.25
  9
$PSOLHEIGHT
 40
4.0
  9
$LOFTANG1
 40
1.570796326794897
  9
$LOFTANG2
 40
1.570796326794897
  9
$LOFTMAG1
 40
0.0
  9
$LOFTMAG2
 40
0.0
  9
$LOFTPARAM
 70
     7
  9
$LOFTNORMALS
280
     1
  9
$LATITUDE
 40
37.795
  9
$LONGITUDE
 40
-122.394
  9
$NORTHDIRECTION
 40
0.0
  9
$TIMEZONE
 70
 -8000
  9
$LIGHTGLYPHDISPLAY
280
     1
  9
$TILEMODELIGHTSYNCH
280
     1
  9
$CMATERIAL
347
44
  9
$SOLIDHIST
280
     0
  9
$SHOWHIST
280
     1
  9
$DWFFRAME
280
     2
  9
$DGNFRAME
280
     2
  9
$REALWORLDSCALE
290
     1
  9
$INTERFERECOLOR
 62
   256
  9
$INTERFEREOBJVS
345
33
  9
$INTERFEREVPVS
346
30
  9
$CSHADOW
280
     0
  9
$SHADOWPLANELOCATION
 40
0.0
  0
ENDSEC
  0
SECTION
  2
CLASSES
  0
CLASS
  1
ACDBDICTIONARYWDFLT
  2
AcDbDictionaryWithDefault
  3
ObjectDBX Classes
 90
        0
 91
        1
280
     0
281
     0
  0
CLASS
  1
VISUALSTYLE
  2
AcDbVisualStyle
  3
ObjectDBX Classes
 90
     4095
 91
       24
280
     0
281
     0
  0
CLASS
  1
MATERIAL
  2
AcDbMaterial
  3
ObjectDBX Classes
 90
     1153
 91
        3
280
     0
281
     0
  0
CLASS
  1
SCALE
  2
AcDbScale
  3
ObjectDBX Classes
 90
     1153
 91
       17
280
     0
281
     0
  0
CLASS
  1
TABLESTYLE
  2
AcDbTableStyle
  3
ObjectDBX Classes
 90
     4095
 91
        1
280
     0
281
     0
  0
CLASS
  1
MLEADERSTYLE
  2
AcDbMLeaderStyle
  3
ACDB_MLEADERSTYLE_CLASS
 90
     4095
 91
        1
280
     0
281
     0
  0
CLASS
  1
SUN
  2
AcDbSun
  3
SCENEOE
 90
     1153
 91
        1
280
     0
281
     0
  0
CLASS
  1
DICTIONARYVAR
  2
AcDbDictionaryVar
  3
ObjectDBX Classes
 90
        0
 91
       12
280
     0
281
     0
  0
CLASS
  1
CELLSTYLEMAP
  2
AcDbCellStyleMap
  3
ObjectDBX Classes
 90
     1152
 91
        2
280
     0
281
     0
  0
CLASS
  1
ACDBSECTIONVIEWSTYLE
  2
AcDbSectionViewStyle
  3
ObjectDBX Classes
 90
     1025
 91
        1
280
     0
281
     0
  0
CLASS
  1
ACDBDETAILVIEWSTYLE
  2
AcDbDetailViewStyle
  3
ObjectDBX Classes
 90
     1025
 91
        1
280
     0
281
     0
  0
CLASS
  1
SOLID_BACKGROUND
  2
AcDbSolidBackground
  3
SCENEOE
 90
     4095
 91
        1
280
     0
281
     0
  0
CLASS
  1
NPOCOLLECTION
  2
AcDbImpNonPersistentObjectsCollection
  3
ObjectDBX Classes
 90
     1153
 91
        1
280
     0
281
     0
  0
ENDSEC
  0
SECTION
  2
TABLES
  0
TABLE
  2
VPORT
  5
8
330
0
100
AcDbSymbolTable
 70
     1
1001
ACAD
1000
DbSaveVer
1071
      428
  0
VPORT
  5
29
330
8
100
AcDbSymbolTableRecord
100
AcDbViewportTableRecord
  2
*Active
 70
     0
 10
0.0
 20
0.0
 11
1.0
 21
1.0
 12
274.1199026159307
 22
-22.72113271334547
 13
0.0
 23
0.0
 14
0.5
 24
0.5
 15
0.5
 25
0.5
 16
-0.0000000000002842
 26
0.0
 36
1230.479322800814
 17
200.5
 27
130.5
 37
-9.0
 40
1225.020884001295
 41
1.866496598639455
 42
50.0
 43
0.0
 44
0.0
 50
0.0
 51
0.0
 71
     0
 72
   100
 73
     1
 74
     3
 75
     0
 76
     0
 77
     0
 78
     0
281
     0
 65
     1
110
0.0
120
0.0
130
0.0
111
1.0
121
0.0
131
0.0
112
0.0
122
1.0
132
0.0
 79
     0
146
0.0
348
2F
 60
     3
 61
     5
292
     1
282
     1
141
0.0
142
0.0
361
5D
1001
ACAD_NAV_VCDISPLAY
1070
     3
  0
ENDTAB
  0
TABLE
  2
LTYPE
  5
5
330
0
100
AcDbSymbolTable
 70
     1
  0
LTYPE
  5
14
330
5
100
AcDbSymbolTableRecord
100
AcDbLinetypeTableRecord
  2
ByBlock
 70
     0
  3

 72
    65
 73
     0
 40
0.0
  0
LTYPE
  5
15
330
5
100
AcDbSymbolTableRecord
100
AcDbLinetypeTableRecord
  2
ByLayer
 70
     0
  3

 72
    65
 73
     0
 40
0.0
  0
LTYPE
  5
16
330
5
100
AcDbSymbolTableRecord
100
AcDbLinetypeTableRecord
  2
Continuous
 70
     0
  3
Solid line
 72
    65
 73
     0
 40
0.0
  0
ENDTAB
  0
TABLE
  2
LAYER
  5
2
330
0
100
AcDbSymbolTable
 70
     2
  0
LAYER
  5
10
330
2
100
AcDbSymbolTableRecord
100
AcDbLayerTableRecord
  2
0
 70
     0
 62
     7
  6
Continuous
370
    -3
390
F
347
46
348
0
  0
LAYER
  5
5F
330
2
100
AcDbSymbolTableRecord
100
AcDbLayerTableRecord
  2
PancakeDefault
 70
     0
 62
     7
  6
Continuous
370
    -3
390
F
347
46
348
0
  0
ENDTAB
  0
TABLE
  2
STYLE
  5
3
330
0
100
AcDbSymbolTable
 70
     1
  0
STYLE
  5
11
330
3
100
AcDbSymbolTableRecord
100
AcDbTextStyleTableRecord
  2
Standard
 70
     0
 40
0.0
 41
1.0
 50
0.0
 71
     0
 42
0.2
  3
txt
  4

  0
ENDTAB
  0
TABLE
  2
VIEW
  5
6
330
0
100
AcDbSymbolTable
 70
     0
  0
ENDTAB
  0
TABLE
  2
UCS
  5
7
330
0
100
AcDbSymbolTable
 70
     0
  0
ENDTAB
  0
TABLE
  2
APPID
  5
9
330
0
100
AcDbSymbolTable
 70
     5
  0
APPID
  5
12
330
9
100
AcDbSymbolTableRecord
100
AcDbRegAppTableRecord
  2
ACAD
 70
     0
  0
APPID
  5
5E
330
9
100
AcDbSymbolTableRecord
100
AcDbRegAppTableRecord
  2
Rhino
 70
     0
  0
APPID
  5
61
330
9
100
AcDbSymbolTableRecord
100
AcDbRegAppTableRecord
  2
ACAD_OBJECT_CHANGE_GUID
 70
     0
  0
APPID
  5
97
330
9
100
AcDbSymbolTableRecord
100
AcDbRegAppTableRecord
  2
ACAD_MLEADERVER
 70
     0
  0
APPID
  5
AA
330
9
100
AcDbSymbolTableRecord
100
AcDbRegAppTableRecord
  2
ACAD_NAV_VCDISPLAY
 70
     0
  0
ENDTAB
  0
TABLE
  2
DIMSTYLE
  5
A
330
0
100
AcDbSymbolTable
 70
     1
100
AcDbDimStyleTable
 71
     0
  0
DIMSTYLE
105
27
330
A
100
AcDbSymbolTableRecord
100
AcDbDimStyleTableRecord
  2
STANDARD_ACAD
 70
     0
340
11
  0
ENDTAB
  0
TABLE
  2
BLOCK_RECORD
  5
1
330
0
100
AcDbSymbolTable
 70
     1
  0
BLOCK_RECORD
  5
1F
330
1
100
AcDbSymbolTableRecord
100
AcDbBlockTableRecord
  2
*Model_Space
340
22
 70
     0
280
     1
281
     0
  0
BLOCK_RECORD
  5
1B
330
1
100
AcDbSymbolTableRecord
100
AcDbBlockTableRecord
  2
*Paper_Space
340
1E
 70
     0
280
     1
281
     0
  0
BLOCK_RECORD
  5
23
330
1
100
AcDbSymbolTableRecord
100
AcDbBlockTableRecord
  2
*Paper_Space0
340
26
 70
     0
280
     1
281
     0
  0
ENDTAB
  0
ENDSEC
  0
SECTION
  2
BLOCKS
  0
BLOCK
  5
20
330
1F
100
AcDbEntity
  8
0
100
AcDbBlockBegin
  2
*Model_Space
 70
     0
 10
0.0
 20
0.0
 30
0.0
  3
*Model_Space
  1

  0
ENDBLK
  5
21
330
1F
100
AcDbEntity
  8
0
100
AcDbBlockEnd
  0
BLOCK
  5
1C
330
1B
100
AcDbEntity
 67
     1
  8
0
100
AcDbBlockBegin
  2
*Paper_Space
 70
     0
 10
0.0
 20
0.0
 30
0.0
  3
*Paper_Space
  1

  0
ENDBLK
  5
1D
330
1B
100
AcDbEntity
 67
     1
  8
0
100
AcDbBlockEnd
  0
BLOCK
  5
24
330
23
100
AcDbEntity
 67
     1
  8
0
100
AcDbBlockBegin
  2
*Paper_Space0
 70
     0
 10
0.0
 20
0.0
 30
0.0
  3
*Paper_Space0
  1

  0
ENDBLK
  5
25
330
23
100
AcDbEntity
 67
     1
  8
0
100
AcDbBlockEnd
  0
ENDSEC
  0
SECTION
  2
ENTITIES
  0
3DSOLID
  5
60
330
1F
100
AcDbEntity
  8
PancakeDefault
100
AcDbModelerGeometry
290
     1
  2
{7579de21-dec3-4e95-9239-4ae8be0c545d}
100
AcDb3dSolid
350
0
  0
ENDSEC
  0
SECTION
  2
OBJECTS
  0
DICTIONARY
  5
C
330
0
100
AcDbDictionary
281
     1
  3
ACAD_BACKGROUND
350
A7
  3
ACAD_CIP_PREVIOUS_PRODUCT_INFO
350
A6
  3
ACAD_COLOR
350
A1
  3
ACAD_DETAILVIEWSTYLE
350
9D
  3
ACAD_GROUP
350
D
  3
ACAD_LAST_SAVED_VERSION_INFO
350
AF
  3
ACAD_LAYOUT
350
1A
  3
ACAD_MATERIAL
350
43
  3
ACAD_MLEADERSTYLE
350
5B
  3
ACAD_MLINESTYLE
350
17
  3
ACAD_PLOTSETTINGS
350
19
  3
ACAD_PLOTSTYLENAME
350
E
  3
ACAD_SCALELIST
350
47
  3
ACAD_SECTIONVIEWSTYLE
350
9E
  3
ACAD_TABLESTYLE
350
59
  3
ACAD_VISUALSTYLE
350
2A
  3
ACDB_RECOMPOSE_DATA
350
B5
  3
AcDbVariableDictionary
350
62
  3
AcDsDecomposeData
350
BB
  0
SUN
  5
5D
330
29
100
AcDbSun
 90
        1
290
     1
 63
     7
421
 16777215
 40
1.0
291
     1
 91
  2455826
 92
 54000000
292
     0
 70
     0
 71
   256
280
     1
1001
ACAD
1000
AcDbSavedByObjectVersion
1070
     0
  0
DICTIONARY
  5
A7
102
{ACAD_REACTORS
330
C
102
}
330
C
100
AcDbDictionary
281
     1
  0
XRECORD
  5
A6
102
{ACAD_REACTORS
330
C
102
}
330
C
100
AcDbXrecord
280
     1
300
ACD
300
2026
300

  0
DICTIONARY
  5
A1
102
{ACAD_REACTORS
330
C
102
}
330
C
100
AcDbDictionary
281
     1
  0
DICTIONARY
  5
9D
102
{ACAD_REACTORS
330
C
102
}
330
C
100
AcDbDictionary
281
     1
  3
Metric50
350
A3
  0
DICTIONARY
  5
D
102
{ACAD_REACTORS
330
C
102
}
330
C
100
AcDbDictionary
281
     1
  0
XRECORD
  5
AF
102
{ACAD_REACTORS
330
C
102
}
330
C
100
AcDbXrecord
280
     1
300
{2FE6A0A3-7E4F-B34D-945C-D6ADD86603EE}
301
{8ACE8CAE-02AA-C445-ACCC-02BA71D6E04E}
302
{2FE6A0A3-7E4F-B34D-945C-D6ADD86603EE}
303
D:\CNC-fitting\Examples\CAD-models\Noptiera-2.dxf
  0
DICTIONARY
  5
1A
102
{ACAD_REACTORS
330
C
102
}
330
C
100
AcDbDictionary
281
     1
  3
Layout1
350
1E
  3
Layout2
350
26
  3
Model
350
22
  0
DICTIONARY
  5
43
102
{ACAD_REACTORS
330
C
102
}
330
C
100
AcDbDictionary
281
     1
  3
ByBlock
350
45
  3
ByLayer
350
44
  3
Global
350
46
  0
DICTIONARY
  5
5B
102
{ACAD_REACTORS
330
C
102
}
330
C
100
AcDbDictionary
281
     1
  3
Standard
350
5C
  0
DICTIONARY
  5
17
102
{ACAD_REACTORS
330
C
102
}
330
C
100
AcDbDictionary
281
     1
  3
Standard
350
18
  0
DICTIONARY
  5
19
102
{ACAD_REACTORS
330
C
102
}
330
C
100
AcDbDictionary
281
     1
  0
ACDBDICTIONARYWDFLT
  5
E
102
{ACAD_REACTORS
330
C
102
}
330
C
100
AcDbDictionary
281
     1
  3
Normal
350
F
100
AcDbDictionaryWithDefault
340
F
  0
DICTIONARY
  5
47
102
{ACAD_REACTORS
330
C
102
}
330
C
100
AcDbDictionary
281
     1
  3
A0
350
48
  3
A1
350
49
  3
A2
350
4A
  3
A3
350
4B
  3
A4
350
4C
  3
A5
350
4D
  3
A6
350
4E
  3
A7
350
4F
  3
A8
350
50
  3
A9
350
51
  3
B1
350
52
  3
B2
350
53
  3
B3
350
54
  3
B4
350
55
  3
B5
350
56
  3
B6
350
57
  3
B7
350
58
  0
DICTIONARY
  5
9E
102
{ACAD_REACTORS
330
C
102
}
330
C
100
AcDbDictionary
281
     1
  3
Metric50
350
A2
  0
DICTIONARY
  5
59
102
{ACAD_REACTORS
330
C
102
}
330
C
100
AcDbDictionary
281
     1
  3
Standard
350
5A
  0
DICTIONARY
  5
2A
102
{ACAD_REACTORS
330
C
102
}
330
C
100
AcDbDictionary
281
     1
  3
2dWireframe
350
2F
  3
Basic
350
32
  3
Brighten
350
36
  3
ColorChange
350
3A
  3
Conceptual
350
34
  3
Dim
350
35
  3
EdgeColorOff
350
3D
  3
Facepattern
350
39
  3
Flat
350
2B
  3
FlatWithEdges
350
2C
  3
Gouraud
350
2D
  3
GouraudWithEdges
350
2E
  3
Hidden
350
31
  3
JitterOff
350
3B
  3
Linepattern
350
38
  3
OverhangOff
350
3C
  3
Realistic
350
33
  3
Shaded
350
42
  3
Shaded with edges
350
41
  3
Shades of Gray
350
3E
  3
Sketchy
350
3F
  3
Thicken
350
37
  3
Wireframe
350
30
  3
X-Ray
350
40
  0
XRECORD
  5
B5
102
{ACAD_REACTORS
330
C
102
}
330
C
100
AcDbXrecord
280
     1
 90
        1
330
5A
  0
DICTIONARY
  5
62
102
{ACAD_REACTORS
330
C
102
}
330
C
100
AcDbDictionary
281
     1
  3
CANNOSCALE
350
63
  3
CMLEADERSTYLE
350
9C
  3
CTABLESTYLE
350
9B
  3
CVIEWDETAILSTYLE
350
B0
  3
CVIEWSECTIONSTYLE
350
B1
  3
LAYEREVAL
350
B2
  3
LAYERNOTIFY
350
B3
  0
DICTIONARY
  5
BB
102
{ACAD_REACTORS
330
C
102
}
330
C
100
AcDbDictionary
281
     1
  3
AcDsRecords
350
BD
  3
AcDsSchemas
350
BC
1001
ACAD
1070
     2
  0
ACDBDETAILVIEWSTYLE
  5
A3
102
{ACAD_XDICTIONARY
360
C0
102
}
102
{ACAD_REACTORS
330
9D
102
}
330
9D
100
AcDbModelDocViewStyle
 70
     0
  3
Metric50
290
     0
100
AcDbDetailViewStyle
 70
     0
 71
     0
 90
        3
 71
     1
340
11
 62
   256
 40
5.0
340
0
 62
   256
 40
5.0
300

 40
0.0
280
     1
 71
     2
340
16
 90
       25
 62
   256
 71
     3
340
11
 62
   256
 40
5.0
 90
        0
 40
15.0
 90
        1
300
%<\AcVar ViewDetailId>% (%<\AcVar ViewScale \f "%sn">%)
 71
     4
340
16
 90
       25
 62
   256
340
16
 90
       25
 62
   256
280
     0
  0
LAYOUT
  5
1E
102
{ACAD_REACTORS
330
1A
102
}
330
1A
100
AcDbPlotSettings
  1

  2
none_device
  4

  6

 40
0.0
 41
0.0
 42
0.0
 43
0.0
 44
0.0
 45
0.0
 46
0.0
 47
0.0
 48
0.0
 49
0.0
140
0.0
141
0.0
142
1.0
143
1.0
 70
   688
 72
     0
 73
     0
 74
     5
  7

 75
    16
147
1.0
 76
     0
 77
     2
 78
   300
148
0.0
149
0.0
100
AcDbLayout
  1
Layout1
 70
     1
 71
     1
 10
0.0
 20
0.0
 11
12.0
 21
9.0
 12
0.0
 22
0.0
 32
0.0
 14
1.000000000000000E+20
 24
1.000000000000000E+20
 34
1.000000000000000E+20
 15
-1.000000000000000E+20
 25
-1.000000000000000E+20
 35
-1.000000000000000E+20
146
0.0
 13
0.0
 23
0.0
 33
0.0
 16
1.0
 26
0.0
 36
0.0
 17
0.0
 27
1.0
 37
0.0
 76
     0
330
1B
  0
LAYOUT
  5
26
102
{ACAD_REACTORS
330
1A
102
}
330
1A
100
AcDbPlotSettings
  1

  2
none_device
  4

  6

 40
0.0
 41
0.0
 42
0.0
 43
0.0
 44
0.0
 45
0.0
 46
0.0
 47
0.0
 48
0.0
 49
0.0
140
0.0
141
0.0
142
1.0
143
1.0
 70
   688
 72
     0
 73
     0
 74
     5
  7

 75
    16
147
1.0
 76
     0
 77
     2
 78
   300
148
0.0
149
0.0
100
AcDbLayout
  1
Layout2
 70
     1
 71
     2
 10
0.0
 20
0.0
 11
0.0
 21
0.0
 12
0.0
 22
0.0
 32
0.0
 14
0.0
 24
0.0
 34
0.0
 15
0.0
 25
0.0
 35
0.0
146
0.0
 13
0.0
 23
0.0
 33
0.0
 16
1.0
 26
0.0
 36
0.0
 17
0.0
 27
1.0
 37
0.0
 76
     0
330
23
  0
LAYOUT
  5
22
102
{ACAD_REACTORS
330
1A
102
}
330
1A
100
AcDbPlotSettings
  1

  2
none_device
  4
Letter_(8.50_x_11.00_Inches)
  6

 40
6.349999999999999
 41
6.349999999999999
 42
6.350005079999999
 43
6.350005079999999
 44
215.9
 45
279.4
 46
0.0
 47
0.0
 48
0.0
 49
0.0
140
0.0
141
0.0
142
1.0
143
1.0
 70
  1712
 72
     0
 73
     0
 74
     0
  7

 75
     0
147
1.0
 76
     0
 77
     2
 78
   300
148
0.0
149
0.0
100
AcDbLayout
  1
Model
 70
     1
 71
     0
 10
0.0
 20
0.0
 11
12.0
 21
9.0
 12
0.0
 22
0.0
 32
0.0
 14
0.0
 24
-0.0000000000000131
 34
-18.00000000000001
 15
401.0
 25
261.0
 35
0.0
146
0.0
 13
0.0
 23
0.0
 33
0.0
 16
1.0
 26
0.0
 36
0.0
 17
0.0
 27
1.0
 37
0.0
 76
     0
330
1F
331
29
  0
MATERIAL
  5
45
102
{ACAD_REACTORS
330
43
102
}
330
43
100
AcDbMaterial
  1
ByBlock
  0
MATERIAL
  5
44
102
{ACAD_REACTORS
330
43
102
}
330
43
100
AcDbMaterial
  1
ByLayer
  0
MATERIAL
  5
46
102
{ACAD_REACTORS
330
43
102
}
330
43
100
AcDbMaterial
  1
Global
  0
MLEADERSTYLE
  5
5C
102
{ACAD_REACTORS
330
5B
102
}
330
5B
100
AcDbMLeaderStyle
179
     2
170
     2
171
     1
172
     0
 90
        2
 40
0.0
 41
0.0
173
     1
 91
-1056964608
340
14
 92
       -2
290
     1
 42
0.09
291
     1
 43
0.36
  3
Standard
 44
0.18
300

342
11
174
     1
178
     6
175
     1
176
     0
 93
-1056964608
 45
0.18
292
     0
297
     0
 46
0.18
 94
-1056964608
 47
1.0
 49
1.0
140
1.0
293
     1
141
0.0
294
     1
177
     0
142
1.0
295
     0
296
     0
143
0.125
271
     0
272
     9
273
     9
298
     0
1001
ACAD_MLEADERVER
1070
     2
  0
MLINESTYLE
  5
18
102
{ACAD_REACTORS
330
17
102
}
330
17
100
AcDbMlineStyle
  2
STANDARD
 70
     0
  3

 62
   256
 51
90.0
 52
90.0
 71
     2
 49
0.5
 62
   256
  6
BYLAYER
 49
-0.5
 62
   256
  6
BYLAYER
  0
ACDBPLACEHOLDER
  5
F
102
{ACAD_REACTORS
330
E
102
}
330
E
  0
SCALE
  5
48
102
{ACAD_REACTORS
330
47
102
}
330
47
100
AcDbScale
 70
     0
300
1:1
140
1.0
141
1.0
290
     1
  0
SCALE
  5
49
102
{ACAD_REACTORS
330
47
102
}
330
47
100
AcDbScale
 70
     0
300
1/128" = 1'-0"
140
0.0078125
141
12.0
290
     0
  0
SCALE
  5
4A
102
{ACAD_REACTORS
330
47
102
}
330
47
100
AcDbScale
 70
     0
300
1/64" = 1'-0"
140
0.015625
141
12.0
290
     0
  0
SCALE
  5
4B
102
{ACAD_REACTORS
330
47
102
}
330
47
100
AcDbScale
 70
     0
300
1/32" = 1'-0"
140
0.03125
141
12.0
290
     0
  0
SCALE
  5
4C
102
{ACAD_REACTORS
330
47
102
}
330
47
100
AcDbScale
 70
     0
300
1/16" = 1'-0"
140
0.0625
141
12.0
290
     0
  0
SCALE
  5
4D
102
{ACAD_REACTORS
330
47
102
}
330
47
100
AcDbScale
 70
     0
300
3/32" = 1'-0"
140
0.09375
141
12.0
290
     0
  0
SCALE
  5
4E
102
{ACAD_REACTORS
330
47
102
}
330
47
100
AcDbScale
 70
     0
300
1/8" = 1'-0"
140
0.125
141
12.0
290
     0
  0
SCALE
  5
4F
102
{ACAD_REACTORS
330
47
102
}
330
47
100
AcDbScale
 70
     0
300
3/16" = 1'-0"
140
0.1875
141
12.0
290
     0
  0
SCALE
  5
50
102
{ACAD_REACTORS
330
47
102
}
330
47
100
AcDbScale
 70
     0
300
1/4" = 1'-0"
140
0.25
141
12.0
290
     0
  0
SCALE
  5
51
102
{ACAD_REACTORS
330
47
102
}
330
47
100
AcDbScale
 70
     0
300
3/8" = 1'-0"
140
0.375
141
12.0
290
     0
  0
SCALE
  5
52
102
{ACAD_REACTORS
330
47
102
}
330
47
100
AcDbScale
 70
     0
300
1/2" = 1'-0"
140
0.5
141
12.0
290
     0
  0
SCALE
  5
53
102
{ACAD_REACTORS
330
47
102
}
330
47
100
AcDbScale
 70
     0
300
3/4" = 1'-0"
140
0.75
141
12.0
290
     0
  0
SCALE
  5
54
102
{ACAD_REACTORS
330
47
102
}
330
47
100
AcDbScale
 70
     0
300
1" = 1'-0"
140
1.0
141
12.0
290
     0
  0
SCALE
  5
55
102
{ACAD_REACTORS
330
47
102
}
330
47
100
AcDbScale
 70
     0
300
1-1/2" = 1'-0"
140
1.5
141
12.0
290
     0
  0
SCALE
  5
56
102
{ACAD_REACTORS
330
47
102
}
330
47
100
AcDbScale
 70
     0
300
3" = 1'-0"
140
3.0
141
12.0
290
     0
  0
SCALE
  5
57
102
{ACAD_REACTORS
330
47
102
}
330
47
100
AcDbScale
 70
     0
300
6" = 1'-0"
140
6.0
141
12.0
290
     0
  0
SCALE
  5
58
102
{ACAD_REACTORS
330
47
102
}
330
47
100
AcDbScale
 70
     0
300
1'-0" = 1'-0"
140
12.0
141
12.0
290
     0
  0
ACDBSECTIONVIEWSTYLE
  5
A2
102
{ACAD_XDICTIONARY
360
BE
102
}
102
{ACAD_REACTORS
330
9E
102
}
330
9E
100
AcDbModelDocViewStyle
 70
     0
  3
Metric50
290
     0
100
AcDbSectionViewStyle
 70
     0
 71
     0
 90
      102
 71
     1
340
11
 62
   256
 40
5.0
340
0
340
0
 62
   256
 40
5.0
300
I, O, Q, S, X, Z
 40
10.0
 90
        0
 40
2.5
 90
        0
 71
     2
340
16
 90
       25
 62
   256
340
16
 90
       50
 62
   256
 40
5.0
 40
2.5
 40
5.0
 71
     3
340
11
 62
   256
 40
5.0
 90
        0
 40
15.0
 90
        1
300
%<\AcVar ViewSectionStartId>%-%<\AcVar ViewSectionEndId>% (%<\AcVar ViewScale \f "%sn">%)
 71
     4
 62
   256
 62
   257
300
ANSI31
 40
1.0
 90
        0
290
     0
290
     0
 90
        6
 40
0.0
 40
1.570796326794896
 40
0.2617993877991494
 40
1.308996938995747
 40
-0.2617993877991494
 40
1.832595714594046
  0
TABLESTYLE
  5
5A
102
{ACAD_XDICTIONARY
360
95
102
}
102
{ACAD_REACTORS
330
59
102
}
330
59
100
AcDbTableStyle
280
     0
  3
Standard
 70
     0
 71
     0
 40
0.06
 41
0.06
280
     0
281
     0
  7
Standard
140
0.18
170
     2
 62
     0
 63
     7
283
     0
 90
        4
 91
        0
  1

274
    -2
284
     1
 64
     0
275
    -2
285
     1
 65
     0
276
    -2
286
     1
 66
     0
277
    -2
287
     1
 67
     0
278
    -2
288
     1
 68
     0
279
    -2
289
     1
 69
     0
  7
Standard
140
0.25
170
     5
 62
     0
 63
     7
283
     0
 90
        4
 91
        0
  1

274
    -2
284
     1
 64
     0
275
    -2
285
     1
 65
     0
276
    -2
286
     1
 66
     0
277
    -2
287
     1
 67
     0
278
    -2
288
     1
 68
     0
279
    -2
289
     1
 69
     0
  7
Standard
140
0.18
170
     5
 62
     0
 63
     7
283
     0
 90
        4
 91
        0
  1

274
    -2
284
     1
 64
     0
275
    -2
285
     1
 65
     0
276
    -2
286
     1
 66
     0
277
    -2
287
     1
 67
     0
278
    -2
288
     1
 68
     0
279
    -2
289
     1
 69
     0
  0
VISUALSTYLE
  5
2F
102
{ACAD_REACTORS
330
2A
102
}
330
2A
100
AcDbVisualStyle
  2

 70
     4
177
     3
291
     0
 70
    58
 90
        0
176
     1
 90
        2
176
     1
 90
        0
176
     1
 90
        0
176
     1
 40
0.6
176
     1
 40
30.0
176
     1
 62
     7
420
 16777215
176
     1
 90
        1
176
     1
 90
        4
176
     1
 62
     7
176
     1
 62
   257
176
     1
 90
        1
176
     1
 90
        1
176
     1
 40
1.0
176
     1
 90
        0
176
     1
 62
   257
176
     1
 40
1.0
176
     1
 90
        1
176
     1
 90
        6
176
     1
 90
        2
176
     1
 62
     7
176
     1
 90
        5
176
     1
 90
        0
176
     1
 90
        0
176
     1
290
     0
176
     1
 90
        1
176
     1
 40
0.0
176
     1
 90
        0
176
     1
290
     1
176
     1
290
     1
176
     1
290
     0
176
     1
290
     0
176
     1
290
     0
176
     1
290
     0
176
     1
290
     0
176
     1
290
     0
176
     1
290
     0
176
     1
 90
       50
176
     1
 40
0.0
176
     1
 40
1.0
176
     1
 90
        0
176
     1
 62
    18
420
        0
176
     1
 90
       50
176
     1
 90
        3
176
     1
 62
     5
420
      255
176
     1
290
     0
176
     1
 90
       50
176
     1
 90
       50
176
     1
 90
       50
176
     1
290
     0
176
     1
 90
       50
176
     1
 62
   256
176
     0
 40
1.0
176
     0
 90
        2
176
     1
  1
strokes_ogs.tif
176
     1
290
     0
176
     1
 40
1.0
176
     1
 40
1.0
176
     1
1001
ACAD
1000
AcDbSavedByObjectVersion
1070
     0
  0
VISUALSTYLE
  5
32
102
{ACAD_REACTORS
330
2A
102
}
330
2A
100
AcDbVisualStyle
  2

 70
     7
177
     3
291
     1
 70
    58
 90
        1
176
     1
 90
        0
176
     1
 90
        1
176
     1
 90
        0
176
     1
 40
0.6
176
     1
 40
30.0
176
     1
 62
     7
420
 16777215
176
     1
 90
        0
176
     1
 90
        4
176
     1
 62
     7
176
     1
 62
   257
176
     1
 90
        1
176
     1
 90
        1
176
     1
 40
1.0
176
     1
 90
        8
176
     1
 62
     7
176
     1
 40
1.0
176
     1
 90
        1
176
     1
 90
        6
176
     1
 90
        2
176
     1
 62
     7
176
     1
 90
        5
176
     1
 90
        0
176
     1
 90
        0
176
     1
290
     0
176
     1
 90
        1
176
     1
 40
0.0
176
     1
 90
        0
176
     1
290
     0
176
     1
290
     1
176
     1
290
     1
176
     1
290
     0
176
     1
290
     0
176
     1
290
     0
176
     1
290
     0
176
     1
290
     0
176
     1
290
     0
176
     1
 90
       50
176
     1
 40
0.0
176
     1
 40
1.0
176
     1
 90
        0
176
     1
 62
    18
420
        0
176
     1
 90
       50
176
     1
 90
        3
176
     1
 62
     5
420
      255
176
     1
290
     0
176
     1
 90
       50
176
     1
 90
       50
176
     1
 90
       50
176
     1
290
     0
176
     1
 90
       50
176
     1
 62
   256
176
     0
 40
1.0
176
     0
 90
        2
176
     1
  1
strokes_ogs.tif
176
     1
290
     0
176
     1
 40
1.0
176
     1
 40
1.0
176
     1
1001
ACAD
1000
AcDbSavedByObjectVersion
1070
     0
  0
VISUALSTYLE
  5
36
102
{ACAD_REACTORS
330
2A
102
}
330
2A
100
AcDbVisualStyle
  2

 70
    12
177
     3
291
     1
 70
    58
 90
        2
176
     1
 90
        2
176
     1
 90
        0
176
     1
 90
        0
176
     1
 40
0.6
176
     1
 40
30.0
176
     1
 62
     7
420
 16777215
176
     1
 90
        1
176
     1
 90
        4
176
     1
 62
     7
176
     1
 62
   257
176
     1
 90
        1
176
     1
 90
        1
176
     1
 40
1.0
176
     1
 90
        8
176
     1
 62
     7
176
     1
 40
1.0
176
     1
 90
        1
176
     1
 90
        6
176
     1
 90
        2
176
     1
 62
     7
176
     1
 90
        5
176
     1
 90
        0
176
     1
 90
        0
176
     1
290
     0
176
     1
 90
        1
176
     1
 40
50.0
176
     1
 90
        0
176
     1
290
     0
176
     1
290
     1
176
     1
290
     1
176
     1
290
     0
176
     1
290
     0
176
     1
290
     0
176
     1
290
     0
176
     1
290
     0
176
     1
290
     0
176
     1
 90
       50
176
     1
 40
0.0
176
     1
 40
1.0
176
     1
 90
        0
176
     1
 62
    18
420
        0
176
     1
 90
       50
176
     1
 90
        3
176
     1
 62
     5
420
      255
176
     1
290
     0
176
     1
 90
       50
176
     1
 90
       50
176
     1
 90
       50
176
     1
290
     0
176
     1
 90
       50
176
     1
 62
   256
176
     0
 40
1.0
176
     0
 90
        2
176
     1
  1
strokes_ogs.tif
176
     1
290
     0
176
     1
 40
1.0
176
     1
 40
1.0
176
     1
1001
ACAD
1000
AcDbSavedByObjectVersion
1070
     0
  0
VISUALSTYLE
  5
3A
102
{ACAD_REACTORS
330
2A
102
}
330
2A
100
AcDbVisualStyle
  2

 70
    16
177
     3
291
     1
 70
    58
 90
        2
176
     1
 90
        2
176
     1
 90
        3
176
     1
 90
        0
176
     1
 40
0.6
176
     1
 40
30.0
176
     1
 62
     8
420
  8421504
176
     1
 90
        1
176
     1
 90
        4
176
     1
 62
     7
176
     1
 62
   257
176
     1
 90
        1
176
     1
 90
        1
176
     1
 40
1.0
176
     1
 90
        8
176
     1
 62
     8
420
  8421504
176
     1
 40
1.0
176
     1
 90
        1
176
     1
 90
        6
176
     1
 90
        2
176
     1
 62
     7
176
     1
 90
        5
176
     1
 90
        0
176
     1
 90
        0
176
     1
290
     0
176
     1
 90
        1
176
     1
 40
0.0
176
     1
 90
        0
176
     1
290
     0
176
     1
290
     1
176
     1
290
     1
176
     1
290
     0
176
     1
290
     0
176
     1
290
     0
176
     1
290
     0
176
     1
290
     0
176
     1
290
     0
176
     1
 90
       50
176
     1
 40
0.0
176
     1
 40
1.0
176
     1
 90
        0
176
     1
 62
    18
420
        0
176
     1
 90
       50
176
     1
 90
        3
176
     1
 62
     5
420
      255
176
     1
290
     0
176
     1
 90
       50
176
     1
 90
       50
176
     1
 90
       50
176
     1
290
     0
176
     1
 90
       50
176
     1
 62
   256
176
     0
 40
1.0
176
     0
 90
        2
176
     1
  1
strokes_ogs.tif
176
     1
290
     0
176
     1
 40
1.0
176
     1
 40
1.0
176
     1
1001
ACAD
1000
AcDbSavedByObjectVersion
1070
     0
  0
VISUALSTYLE
  5
34
102
{ACAD_REACTORS
330
2A
102
}
330
2A
100
AcDbVisualStyle
  2

 70
     9
177
     3
291
     0
 70
    58
 90
        3
176
     1
 90
        2
176
     1
 90
        0
176
     1
 90
        0
176
     1
 40
0.6
176
     1
 40
30.0
176
     1
 62
     7
420
 16777215
176
     1
 90
        2
176
     1
 90
        2
176
     1
 62
     7
176
     1
 62
   257
176
     1
 90
        1
176
     1
 90
        1
176
     1
 40
179.0
176
     1
 90
        8
176
     1
 62
     7
176
     1
 40
1.0
176
     1
 90
        1
176
     1
 90
        6
176
     1
 90
        2
176
     1
 62
     7
176
     1
 90
        3
176
     1
 90
        0
176
     1
 90
        0
176
     1
290
     0
176
     1
 90
        1
176
     1
 40
0.0
176
     1
 90
        0
176
     1
290
     0
176
     1
290
     1
176
     1
290
     1
176
     1
290
     0
176
     1
290
     0
176
     1
290
     0
176
     1
290
     0
176
     1
290
     0
176
     1
290
     0
176
     1
 90
       50
176
     1
 40
0.0
176
     1
 40
1.0
176
     1
 90
        0
176
     1
 62
    18
420
        0
176
     1
 90
       50
176
     1
 90
        3
176
     1
 62
     5
420
      255
176
     1
290
     0
176
     1
 90
       50
176
     1
 90
       50
176
     1
 90
       50
176
     1
290
     0
176
     1
 90
       50
176
     1
 62
   256
176
     0
 40
1.0
176
     0
 90
        2
176
     1
  1
strokes_ogs.tif
176
     1
290
     0
176
     1
 40
1.0
176
     1
 40
1.0
176
     1
1001
ACAD
1000
AcDbSavedByObjectVersion
1070
     0
  0
VISUALSTYLE
  5
35
102
{ACAD_REACTORS
330
2A
102
}
330
2A
100
AcDbVisualStyle
  2

 70
    11
177
     3
291
     1
 70
    58
 90
        2
176
     1
 90
        2
176
     1
 90
        0
176
     1
 90
        0
176
     1
 40
0.6
176
     1
 40
30.0
176
     1
 62
     7
420
 16777215
176
     1
 90
        1
176
     1
 90
        4
176
     1
 62
     7
176
     1
 62
   257
176
     1
 90
        1
176
     1
 90
        1
176
     1
 40
1.0
176
     1
 90
        8
176
     1
 62
     7
176
     1
 40
1.0
176
     1
 90
        1
176
     1
 90
        6
176
     1
 90
        2
176
     1
 62
     7
176
     1
 90
        5
176
     1
 90
        0
176
     1
 90
        0
176
     1
290
     0
176
     1
 90
        1
176
     1
 40
-50.0
176
     1
 90
        0
176
     1
290
     0
176
     1
290
     1
176
     1
290
     1
176
     1
290
     0
176
     1
290
     0
176
     1
290
     0
176
     1
290
     0
176
     1
290
     0
176
     1
290
     0
176
     1
 90
       50
176
     1
 40
0.0
176
     1
 40
1.0
176
     1
 90
        0
176
     1
 62
    18
420
        0
176
     1
 90
       50
176
     1
 90
        3
176
     1
 62
     5
420
      255
176
     1
290
     0
176
     1
 90
       50
176
     1
 90
       50
176
     1
 90
       50
176
     1
290
     0
176
     1
 90
       50
176
     1
 62
   256
176
     0
 40
1.0
176
     0
 90
        2
176
     1
  1
strokes_ogs.tif
176
     1
290
     0
176
     1
 40
1.0
176
     1
 40
1.0
176
     1
1001
ACAD
1000
AcDbSavedByObjectVersion
1070
     0
  0
VISUALSTYLE
  5
3D
102
{ACAD_REACTORS
330
2A
102
}
330
2A
100
AcDbVisualStyle
  2

 70
    22
177
     3
291
     1
 70
    58
 90
        2
176
     0
 90
        2
176
     0
 90
        0
176
     0
 90
        0
176
     0
 40
0.6
176
     0
 40
30.0
176
     0
 62
     7
420
 16777215
176
     0
 90
        1
176
     0
 90
        4
176
     0
 62
     7
176
     0
 62
   257
176
     0
 90
        1
176
     0
 90
        1
176
     0
 40
1.0
176
     0
 90
        8
176
     2
 62
     7
176
     0
 40
1.0
176
     0
 90
        1
176
     0
 90
        6
176
     0
 90
        2
176
     0
 62
     7
176
     0
 90
        5
176
     0
 90
        0
176
     0
 90
        0
176
     0
290
     0
176
     0
 90
        1
176
     0
 40
0.0
176
     0
 90
        0
176
     0
290
     0
176
     0
290
     1
176
     0
290
     1
176
     0
290
     0
176
     0
290
     0
176
     0
290
     0
176
     0
290
     0
176
     0
290
     0
176
     0
290
     0
176
     0
 90
       50
176
     0
 40
0.0
176
     0
 40
1.0
176
     0
 90
        0
176
     0
 62
    18
420
        0
176
     0
 90
       50
176
     0
 90
        3
176
     0
 62
     5
420
      255
176
     0
290
     0
176
     0
 90
       50
176
     0
 90
       50
176
     0
 90
       50
176
     0
290
     0
176
     0
 90
       50
176
     0
 62
   256
176
     0
 40
1.0
176
     0
 90
        2
176
     0
  1
strokes_ogs.tif
176
     0
290
     0
176
     0
 40
1.0
176
     0
 40
1.0
176
     0
1001
ACAD
1000
AcDbSavedByObjectVersion
1070
     0
  0
VISUALSTYLE
  5
39
102
{ACAD_REACTORS
330
2A
102
}
330
2A
100
AcDbVisualStyle
  2

 70
    15
177
     3
291
     1
 70
    58
 90
        2
176
     1
 90
        2
176
     1
 90
        0
176
     1
 90
        0
176
     1
 40
0.6
176
     1
 40
30.0
176
     1
 62
     7
420
 16777215
176
     1
 90
        1
176
     1
 90
        4
176
     1
 62
     7
176
     1
 62
   257
176
     1
 90
        1
176
     1
 90
        1
176
     1
 40
1.0
176
     1
 90
        8
176
     1
 62
     7
176
     1
 40
1.0
176
     1
 90
        1
176
     1
 90
        6
176
     1
 90
        2
176
     1
 62
     7
176
     1
 90
        5
176
     1
 90
        0
176
     1
 90
        0
176
     1
290
     0
176
     1
 90
        1
176
     1
 40
0.0
176
     1
 90
        0
176
     1
290
     0
176
     1
290
     1
176
     1
290
     1
176
     1
290
     0
176
     1
290
     0
176
     1
290
     0
176
     1
290
     0
176
     1
290
     0
176
     1
290
     0
176
     1
 90
       50
176
     1
 40
0.0
176
     1
 40
1.0
176
     1
 90
        0
176
     1
 62
    18
420
        0
176
     1
 90
       50
176
     1
 90
        3
176
     1
 62
     5
420
      255
176
     1
290
     0
176
     1
 90
       50
176
     1
 90
       50
176
     1
 90
       50
176
     1
290
     0
176
     1
 90
       50
176
     1
 62
   256
176
     0
 40
1.0
176
     0
 90
        2
176
     1
  1
strokes_ogs.tif
176
     1
290
     0
176
     1
 40
1.0
176
     1
 40
1.0
176
     1
1001
ACAD
1000
AcDbSavedByObjectVersion
1070
     0
  0
VISUALSTYLE
  5
2B
102
{ACAD_REACTORS
330
2A
102
}
330
2A
100
AcDbVisualStyle
  2

 70
     0
177
     3
291
     1
 70
    58
 90
        2
176
     1
 90
        1
176
     1
 90
        1
176
     1
 90
        2
176
     1
 40
0.6
176
     1
 40
30.0
176
     1
 62
     7
420
 16777215
176
     1
 90
        0
176
     1
 90
        0
176
     1
 62
     7
176
     1
 62
   257
176
     1
 90
        1
176
     1
 90
        1
176
     1
 40
1.0
176
     1
 90
        8
176
     1
 62
     7
176
     1
 40
1.0
176
     1
 90
        1
176
     1
 90
        6
176
     1
 90
        2
176
     1
 62
     7
176
     1
 90
        5
176
     1
 90
        0
176
     1
 90
        0
176
     1
290
     0
176
     1
 90
       13
176
     1
 40
0.0
176
     1
 90
        0
176
     1
290
     0
176
     1
290
     1
176
     1
290
     1
176
     1
290
     0
176
     1
290
     0
176
     1
290
     0
176
     1
290
     0
176
     1
290
     0
176
     1
290
     0
176
     1
 90
       50
176
     1
 40
0.0
176
     1
 40
1.0
176
     1
 90
        0
176
     1
 62
    18
420
        0
176
     1
 90
       50
176
     1
 90
        3
176
     1
 62
     5
420
      255
176
     1
290
     0
176
     1
 90
       50
176
     1
 90
       50
176
     1
 90
       50
176
     1
290
     0
176
     1
 90
       50
176
     1
 62
   256
176
     0
 40
1.0
176
     0
 90
        2
176
     1
  1
strokes_ogs.tif
176
     1
290
     0
176
     1
 40
1.0
176
     1
 40
1.0
176
     1
1001
ACAD
1000
AcDbSavedByObjectVersion
1070
     0
  0
VISUALSTYLE
  5
2C
102
{ACAD_REACTORS
330
2A
102
}
330
2A
100
AcDbVisualStyle
  2

 70
     1
177
     3
291
     1
 70
    58
 90
        2
176
     1
 90
        1
176
     1
 90
        1
176
     1
 90
        2
176
     1
 40
0.6
176
     1
 40
30.0
176
     1
 62
     7
420
 16777215
176
     1
 90
        1
176
     1
 90
        0
176
     1
 62
     7
176
     1
 62
   257
176
     1
 90
        1
176
     1
 90
        1
176
     1
 40
1.0
176
     1
 90
        0
176
     1
 62
   257
176
     1
 40
1.0
176
     1
 90
        1
176
     1
 90
        6
176
     1
 90
        2
176
     1
 62
     7
176
     1
 90
        5
176
     1
 90
        0
176
     1
 90
        0
176
     1
290
     0
176
     1
 90
       13
176
     1
 40
0.0
176
     1
 90
        0
176
     1
290
     0
176
     1
290
     1
176
     1
290
     1
176
     1
290
     0
176
     1
290
     0
176
     1
290
     0
176
     1
290
     0
176
     1
290
     0
176
     1
290
     0
176
     1
 90
       50
176
     1
 40
0.0
176
     1
 40
1.0
176
     1
 90
        0
176
     1
 62
    18
420
        0
176
     1
 90
       50
176
     1
 90
        3
176
     1
 62
     5
420
      255
176
     1
290
     0
176
     1
 90
       50
176
     1
 90
       50
176
     1
 90
       50
176
     1
290
     0
176
     1
 90
       50
176
     1
 62
   256
176
     0
 40
1.0
176
     0
 90
        2
176
     1
  1
strokes_ogs.tif
176
     1
290
     0
176
     1
 40
1.0
176
     1
 40
1.0
176
     1
1001
ACAD
1000
AcDbSavedByObjectVersion
1070
     0
  0
VISUALSTYLE
  5
2D
102
{ACAD_REACTORS
330
2A
102
}
330
2A
100
AcDbVisualStyle
  2

 70
     2
177
     3
291
     1
 70
    58
 90
        2
176
     1
 90
        2
176
     1
 90
        1
176
     1
 90
        2
176
     1
 40
0.6
176
     1
 40
30.0
176
     1
 62
     7
420
 16777215
176
     1
 90
        0
176
     1
 90
        0
176
     1
 62
     7
176
     1
 62
   257
176
     1
 90
        1
176
     1
 90
        1
176
     1
 40
1.0
176
     1
 90
        0
176
     1
 62
     7
176
     1
 40
1.0
176
     1
 90
        1
176
     1
 90
        6
176
     1
 90
        2
176
     1
 62
     7
176
     1
 90
        5
176
     1
 90
        0
176
     1
 90
        0
176
     1
290
     0
176
     1
 90
       13
176
     1
 40
0.0
176
     1
 90
        0
176
     1
290
     0
176
     1
290
     1
176
     1
290
     1
176
     1
290
     0
176
     1
290
     0
176
     1
290
     0
176
     1
290
     0
176
     1
290
     0
176
     1
290
     0
176
     1
 90
       50
176
     1
 40
0.0
176
     1
 40
1.0
176
     1
 90
        0
176
     1
 62
    18
420
        0
176
     1
 90
       50
176
     1
 90
        3
176
     1
 62
     5
420
      255
176
     1
290
     0
176
     1
 90
       50
176
     1
 90
       50
176
     1
 90
       50
176
     1
290
     0
176
     1
 90
       50
176
     1
 62
   256
176
     0
 40
1.0
176
     0
 90
        2
176
     1
  1
strokes_ogs.tif
176
     1
290
     0
176
     1
 40
1.0
176
     1
 40
1.0
176
     1
1001
ACAD
1000
AcDbSavedByObjectVersion
1070
     0
  0
VISUALSTYLE
  5
2E
102
{ACAD_REACTORS
330
2A
102
}
330
2A
100
AcDbVisualStyle
  2

 70
     3
177
     3
291
     1
 70
    58
 90
        2
176
     1
 90
        2
176
     1
 90
        1
176
     1
 90
        2
176
     1
 40
0.6
176
     1
 40
30.0
176
     1
 62
     7
420
 16777215
176
     1
 90
        1
176
     1
 90
        0
176
     1
 62
     7
176
     1
 62
   257
176
     1
 90
        1
176
     1
 90
        1
176
     1
 40
1.0
176
     1
 90
        0
176
     1
 62
   257
176
     1
 40
1.0
176
     1
 90
        1
176
     1
 90
        6
176
     1
 90
        2
176
     1
 62
     7
176
     1
 90
        5
176
     1
 90
        0
176
     1
 90
        0
176
     1
290
     0
176
     1
 90
       13
176
     1
 40
0.0
176
     1
 90
        0
176
     1
290
     0
176
     1
290
     1
176
     1
290
     1
176
     1
290
     0
176
     1
290
     0
176
     1
290
     0
176
     1
290
     0
176
     1
290
     0
176
     1
290
     0
176
     1
 90
       50
176
     1
 40
0.0
176
     1
 40
1.0
176
     1
 90
        0
176
     1
 62
    18
420
        0
176
     1
 90
       50
176
     1
 90
        3
176
     1
 62
     5
420
      255
176
     1
290
     0
176
     1
 90
       50
176
     1
 90
       50
176
     1
 90
       50
176
     1
290
     0
176
     1
 90
       50
176
     1
 62
   256
176
     0
 40
1.0
176
     0
 90
        2
176
     1
  1
strokes_ogs.tif
176
     1
290
     0
176
     1
 40
1.0
176
     1
 40
1.0
176
     1
1001
ACAD
1000
AcDbSavedByObjectVersion
1070
     0
  0
VISUALSTYLE
  5
31
102
{ACAD_REACTORS
330
2A
102
}
330
2A
100
AcDbVisualStyle
  2

 70
     6
177
     3
291
     0
 70
    58
 90
        1
176
     1
 90
        2
176
     1
 90
        2
176
     1
 90
        0
176
     1
 40
0.6
176
     1
 40
30.0
176
     1
 62
     7
420
 16777215
176
     1
 90
        2
176
     1
 90
        2
176
     1
 62
     7
176
     1
 62
   257
176
     1
 90
        2
176
     1
 90
        1
176
     1
 40
40.0
176
     1
 90
        0
176
     1
 62
   257
176
     1
 40
1.0
176
     1
 90
        1
176
     1
 90
        6
176
     1
 90
        2
176
     1
 62
     7
176
     1
 90
        3
176
     1
 90
        0
176
     1
 90
        0
176
     1
290
     0
176
     1
 90
        1
176
     1
 40
0.0
176
     1
 90
        0
176
     1
290
     0
176
     1
290
     1
176
     1
290
     1
176
     1
290
     0
176
     1
290
     0
176
     1
290
     0
176
     1
290
     0
176
     1
290
     0
176
     1
290
     0
176
     1
 90
       50
176
     1
 40
0.0
176
     1
 40
1.0
176
     1
 90
        0
176
     1
 62
    18
420
        0
176
     1
 90
       50
176
     1
 90
        3
176
     1
 62
     5
420
      255
176
     1
290
     0
176
     1
 90
       50
176
     1
 90
       50
176
     1
 90
       50
176
     1
290
     0
176
     1
 90
       50
176
     1
 62
   256
176
     0
 40
1.0
176
     0
 90
        2
176
     1
  1
strokes_ogs.tif
176
     1
290
     0
176
     1
 40
1.0
176
     1
 40
1.0
176
     1
1001
ACAD
1000
AcDbSavedByObjectVersion
1070
     0
  0
VISUALSTYLE
  5
3B
102
{ACAD_REACTORS
330
2A
102
}
330
2A
100
AcDbVisualStyle
  2

 70
    20
177
     3
291
     1
 70
    58
 90
        2
176
     0
 90
        2
176
     0
 90
        0
176
     0
 90
        0
176
     0
 40
0.6
176
     0
 40
30.0
176
     0
 62
     7
420
 16777215
176
     0
 90
        1
176
     0
 90
        4
176
     0
 62
     7
176
     0
 62
   257
176
     0
 90
        1
176
     0
 90
        1
176
     0
 40
1.0
176
     0
 90
       10
176
     2
 62
     7
176
     0
 40
1.0
176
     0
 90
        1
176
     0
 90
        6
176
     0
 90
        2
176
     0
 62
     7
176
     0
 90
        5
176
     0
 90
        0
176
     0
 90
        0
176
     0
290
     0
176
     0
 90
        1
176
     0
 40
0.0
176
     0
 90
        0
176
     0
290
     0
176
     0
290
     1
176
     0
290
     1
176
     0
290
     0
176
     0
290
     0
176
     0
290
     0
176
     0
290
     0
176
     0
290
     0
176
     0
290
     0
176
     0
 90
       50
176
     0
 40
0.0
176
     0
 40
1.0
176
     0
 90
        0
176
     0
 62
    18
420
        0
176
     0
 90
       50
176
     0
 90
        3
176
     0
 62
     5
420
      255
176
     0
290
     0
176
     0
 90
       50
176
     0
 90
       50
176
     0
 90
       50
176
     0
290
     0
176
     0
 90
       50
176
     0
 62
   256
176
     0
 40
1.0
176
     0
 90
        2
176
     0
  1
strokes_ogs.tif
176
     0
290
     0
176
     0
 40
1.0
176
     0
 40
1.0
176
     0
1001
ACAD
1000
AcDbSavedByObjectVersion
1070
     0
  0
VISUALSTYLE
  5
38
102
{ACAD_REACTORS
330
2A
102
}
330
2A
100
AcDbVisualStyle
  2

 70
    14
177
     3
291
     1
 70
    58
 90
        2
176
     1
 90
        2
176
     1
 90
        0
176
     1
 90
        0
176
     1
 40
0.6
176
     1
 40
30.0
176
     1
 62
     7
420
 16777215
176
     1
 90
        1
176
     1
 90
        4
176
     1
 62
     7
176
     1
 62
   257
176
     1
 90
        7
176
     1
 90
        7
176
     1
 40
1.0
176
     1
 90
        8
176
     1
 62
     7
176
     1
 40
1.0
176
     1
 90
        1
176
     1
 90
        6
176
     1
 90
        2
176
     1
 62
     7
176
     1
 90
        5
176
     1
 90
        0
176
     1
 90
        0
176
     1
290
     0
176
     1
 90
        1
176
     1
 40
0.0
176
     1
 90
        0
176
     1
290
     0
176
     1
290
     1
176
     1
290
     1
176
     1
290
     0
176
     1
290
     0
176
     1
290
     0
176
     1
290
     0
176
     1
290
     0
176
     1
290
     0
176
     1
 90
       50
176
     1
 40
0.0
176
     1
 40
1.0
176
     1
 90
        0
176
     1
 62
    18
420
        0
176
     1
 90
       50
176
     1
 90
        3
176
     1
 62
     5
420
      255
176
     1
290
     0
176
     1
 90
       50
176
     1
 90
       50
176
     1
 90
       50
176
     1
290
     0
176
     1
 90
       50
176
     1
 62
   256
176
     0
 40
1.0
176
     0
 90
        2
176
     1
  1
strokes_ogs.tif
176
     1
290
     0
176
     1
 40
1.0
176
     1
 40
1.0
176
     1
1001
ACAD
1000
AcDbSavedByObjectVersion
1070
     0
  0
VISUALSTYLE
  5
3C
102
{ACAD_REACTORS
330
2A
102
}
330
2A
100
AcDbVisualStyle
  2

 70
    21
177
     3
291
     1
 70
    58
 90
        2
176
     0
 90
        2
176
     0
 90
        0
176
     0
 90
        0
176
     0
 40
0.6
176
     0
 40
30.0
176
     0
 62
     7
420
 16777215
176
     0
 90
        1
176
     0
 90
        4
176
     0
 62
     7
176
     0
 62
   257
176
     0
 90
        1
176
     0
 90
        1
176
     0
 40
1.0
176
     0
 90
        9
176
     2
 62
     7
176
     0
 40
1.0
176
     0
 90
        1
176
     0
 90
        6
176
     0
 90
        2
176
     0
 62
     7
176
     0
 90
        5
176
     0
 90
        0
176
     0
 90
        0
176
     0
290
     0
176
     0
 90
        1
176
     0
 40
0.0
176
     0
 90
        0
176
     0
290
     0
176
     0
290
     1
176
     0
290
     1
176
     0
290
     0
176
     0
290
     0
176
     0
290
     0
176
     0
290
     0
176
     0
290
     0
176
     0
290
     0
176
     0
 90
       50
176
     0
 40
0.0
176
     0
 40
1.0
176
     0
 90
        0
176
     0
 62
    18
420
        0
176
     0
 90
       50
176
     0
 90
        3
176
     0
 62
     5
420
      255
176
     0
290
     0
176
     0
 90
       50
176
     0
 90
       50
176
     0
 90
       50
176
     0
290
     0
176
     0
 90
       50
176
     0
 62
   256
176
     0
 40
1.0
176
     0
 90
        2
176
     0
  1
strokes_ogs.tif
176
     0
290
     0
176
     0
 40
1.0
176
     0
 40
1.0
176
     0
1001
ACAD
1000
AcDbSavedByObjectVersion
1070
     0
  0
VISUALSTYLE
  5
33
102
{ACAD_REACTORS
330
2A
102
}
330
2A
100
AcDbVisualStyle
  2

 70
     8
177
     3
291
     0
 70
    58
 90
        2
176
     1
 90
        3
176
     1
 90
        0
176
     1
 90
        2
176
     1
 40
0.6
176
     1
 40
30.0
176
     1
 62
     7
420
 16777215
176
     1
 90
        0
176
     1
 90
        0
176
     1
 62
     7
176
     1
 62
   257
176
     1
 90
        1
176
     1
 90
        1
176
     1
 40
1.0
176
     1
 90
        8
176
     1
 62
   257
176
     1
 40
1.0
176
     1
 90
        1
176
     1
 90
        6
176
     1
 90
        2
176
     1
 62
     7
176
     1
 90
        3
176
     1
 90
        0
176
     1
 90
        0
176
     1
290
     0
176
     1
 90
       13
176
     1
 40
0.0
176
     1
 90
        0
176
     1
290
     0
176
     1
290
     1
176
     1
290
     1
176
     1
290
     0
176
     1
290
     0
176
     1
290
     0
176
     1
290
     0
176
     1
290
     0
176
     1
290
     0
176
     1
 90
       50
176
     1
 40
0.0
176
     1
 40
1.0
176
     1
 90
        0
176
     1
 62
    18
420
        0
176
     1
 90
       50
176
     1
 90
        3
176
     1
 62
     5
420
      255
176
     1
290
     0
176
     1
 90
       50
176
     1
 90
       50
176
     1
 90
       50
176
     1
290
     0
176
     1
 90
       50
176
     1
 62
   256
176
     0
 40
1.0
176
     0
 90
        2
176
     1
  1
strokes_ogs.tif
176
     1
290
     0
176
     1
 40
1.0
176
     1
 40
1.0
176
     1
1001
ACAD
1000
AcDbSavedByObjectVersion
1070
     0
  0
VISUALSTYLE
  5
42
102
{ACAD_REACTORS
330
2A
102
}
330
2A
100
AcDbVisualStyle
  2

 70
    27
177
     3
291
     0
 70
    58
 90
        2
176
     1
 90
        2
176
     1
 90
        1
176
     1
 90
        2
176
     1
 40
0.6
176
     1
 40
30.0
176
     1
 62
     7
420
 16777215
176
     1
 90
        0
176
     1
 90
        4
176
     1
 62
     7
176
     1
 62
   257
176
     1
 90
        1
176
     1
 90
        1
176
     1
 40
1.0
176
     1
 90
        8
176
     1
 62
   257
176
     1
 40
1.0
176
     1
 90
        1
176
     1
 90
        6
176
     1
 90
        2
176
     1
 62
     8
420
  7895160
176
     1
 90
        3
176
     1
 90
        0
176
     1
 90
        0
176
     1
290
     0
176
     1
 90
        5
176
     1
 40
0.0
176
     1
 90
        0
176
     1
290
     0
176
     1
290
     1
176
     1
290
     1
176
     1
290
     0
176
     1
290
     0
176
     1
290
     0
176
     1
290
     0
176
     1
290
     0
176
     1
290
     0
176
     1
 90
       50
176
     1
 40
0.0
176
     1
 40
1.0
176
     1
 90
        0
176
     1
 62
    18
420
        0
176
     1
 90
       50
176
     1
 90
        3
176
     1
 62
     5
420
      255
176
     1
290
     0
176
     1
 90
       50
176
     1
 90
       50
176
     1
 90
       50
176
     1
290
     0
176
     1
 90
       50
176
     1
 62
   256
176
     0
 40
1.0
176
     0
 90
        2
176
     1
  1
strokes_ogs.tif
176
     1
290
     0
176
     1
 40
1.0
176
     1
 40
1.0
176
     1
1001
ACAD
1000
AcDbSavedByObjectVersion
1070
     0
  0
VISUALSTYLE
  5
41
102
{ACAD_REACTORS
330
2A
102
}
330
2A
100
AcDbVisualStyle
  2

 70
    26
177
     3
291
     0
 70
    58
 90
        2
176
     1
 90
        2
176
     1
 90
        1
176
     1
 90
        2
176
     1
 40
0.6
176
     1
 40
30.0
176
     1
 62
     7
420
 16777215
176
     1
 90
        1
176
     1
 90
       10
176
     1
 62
     7
176
     1
 62
   257
176
     1
 90
        2
176
     1
 90
        1
176
     1
 40
1.0
176
     1
 90
        8
176
     1
 62
   257
176
     1
 40
1.0
176
     1
 90
        1
176
     1
 90
        6
176
     1
 90
        2
176
     1
 62
     7
176
     1
 90
        3
176
     1
 90
        0
176
     1
 90
        0
176
     1
290
     0
176
     1
 90
        5
176
     1
 40
0.0
176
     1
 90
        0
176
     1
290
     0
176
     1
290
     1
176
     1
290
     1
176
     1
290
     0
176
     1
290
     0
176
     1
290
     0
176
     1
290
     0
176
     1
290
     0
176
     1
290
     0
176
     1
 90
       50
176
     1
 40
0.0
176
     1
 40
1.0
176
     1
 90
        0
176
     1
 62
    18
420
        0
176
     1
 90
       50
176
     1
 90
        3
176
     1
 62
     5
420
      255
176
     1
290
     0
176
     1
 90
       50
176
     1
 90
       50
176
     1
 90
       50
176
     1
290
     0
176
     1
 90
       50
176
     1
 62
   256
176
     0
 40
1.0
176
     0
 90
        2
176
     1
  1
strokes_ogs.tif
176
     1
290
     0
176
     1
 40
1.0
176
     1
 40
1.0
176
     1
1001
ACAD
1000
AcDbSavedByObjectVersion
1070
     0
  0
VISUALSTYLE
  5
3E
102
{ACAD_REACTORS
330
2A
102
}
330
2A
100
AcDbVisualStyle
  2

 70
    23
177
     3
291
     0
 70
    58
 90
        2
176
     1
 90
        2
176
     1
 90
        3
176
     1
 90
        0
176
     1
 40
0.6
176
     1
 40
30.0
176
     1
 62
     7
420
 16777215
176
     1
 90
        2
176
     1
 90
        2
176
     1
 62
     7
176
     1
 62
     7
176
     1
 90
        1
176
     1
 90
        1
176
     1
 40
40.0
176
     1
 90
        8
176
     1
 62
     7
176
     1
 40
1.0
176
     1
 90
        1
176
     1
 90
        6
176
     1
 90
        2
176
     1
 62
     7
176
     1
 90
        3
176
     1
 90
        0
176
     1
 90
        0
176
     1
290
     0
176
     1
 90
        1
176
     1
 40
0.0
176
     1
 90
        0
176
     1
290
     0
176
     1
290
     1
176
     1
290
     1
176
     1
290
     0
176
     1
290
     0
176
     1
290
     0
176
     1
290
     0
176
     1
290
     0
176
     1
290
     0
176
     1
 90
       50
176
     1
 40
0.0
176
     1
 40
1.0
176
     1
 90
        0
176
     1
 62
    18
420
        0
176
     1
 90
       50
176
     1
 90
        3
176
     1
 62
     5
420
      255
176
     1
290
     0
176
     1
 90
       50
176
     1
 90
       50
176
     1
 90
       50
176
     1
290
     0
176
     1
 90
       50
176
     1
 62
   256
176
     0
 40
1.0
176
     0
 90
        2
176
     1
  1
strokes_ogs.tif
176
     1
290
     0
176
     1
 40
1.0
176
     1
 40
1.0
176
     1
1001
ACAD
1000
AcDbSavedByObjectVersion
1070
     0
  0
VISUALSTYLE
  5
3F
102
{ACAD_REACTORS
330
2A
102
}
330
2A
100
AcDbVisualStyle
  2

 70
    24
177
     3
291
     0
 70
    58
 90
        1
176
     1
 90
        2
176
     1
 90
        2
176
     1
 90
        0
176
     1
 40
0.6
176
     1
 40
30.0
176
     1
 62
     7
420
 16777215
176
     1
 90
        2
176
     1
 90
        2
176
     1
 62
     7
176
     1
 62
     7
176
     1
 90
        1
176
     1
 90
        1
176
     1
 40
40.0
176
     1
 90
       11
176
     1
 62
     7
176
     1
 40
1.0
176
     1
 90
        1
176
     1
 90
        6
176
     1
 90
        2
176
     1
 62
     7
176
     1
 90
        6
176
     1
 90
        0
176
     1
 90
        0
176
     1
290
     0
176
     1
 90
        1
176
     1
 40
0.0
176
     1
 90
        0
176
     1
290
     0
176
     1
290
     1
176
     1
290
     1
176
     1
290
     0
176
     1
290
     0
176
     1
290
     0
176
     1
290
     0
176
     1
290
     0
176
     1
290
     0
176
     1
 90
       50
176
     1
 40
0.0
176
     1
 40
1.0
176
     1
 90
        0
176
     1
 62
    18
420
        0
176
     1
 90
       50
176
     1
 90
        3
176
     1
 62
     5
420
      255
176
     1
290
     0
176
     1
 90
       50
176
     1
 90
       50
176
     1
 90
       50
176
     1
290
     0
176
     1
 90
       50
176
     1
 62
   256
176
     0
 40
1.0
176
     0
 90
        2
176
     1
  1
strokes_ogs.tif
176
     1
290
     0
176
     1
 40
1.0
176
     1
 40
1.0
176
     1
1001
ACAD
1000
AcDbSavedByObjectVersion
1070
     0
  0
VISUALSTYLE
  5
37
102
{ACAD_REACTORS
330
2A
102
}
330
2A
100
AcDbVisualStyle
  2

 70
    13
177
     3
291
     1
 70
    58
 90
        2
176
     1
 90
        2
176
     1
 90
        0
176
     1
 90
        0
176
     1
 40
0.6
176
     1
 40
30.0
176
     1
 62
     7
420
 16777215
176
     1
 90
        1
176
     1
 90
        4
176
     1
 62
     7
176
     1
 62
   257
176
     1
 90
        1
176
     1
 90
        1
176
     1
 40
1.0
176
     1
 90
       12
176
     1
 62
     7
176
     1
 40
1.0
176
     1
 90
        1
176
     1
 90
        6
176
     1
 90
        2
176
     1
 62
     7
176
     1
 90
        5
176
     1
 90
        0
176
     1
 90
        0
176
     1
290
     0
176
     1
 90
        1
176
     1
 40
0.0
176
     1
 90
        0
176
     1
290
     0
176
     1
290
     1
176
     1
290
     1
176
     1
290
     0
176
     1
290
     0
176
     1
290
     0
176
     1
290
     0
176
     1
290
     0
176
     1
290
     0
176
     1
 90
       50
176
     1
 40
0.0
176
     1
 40
1.0
176
     1
 90
        0
176
     1
 62
    18
420
        0
176
     1
 90
       50
176
     1
 90
        3
176
     1
 62
     5
420
      255
176
     1
290
     0
176
     1
 90
       50
176
     1
 90
       50
176
     1
 90
       50
176
     1
290
     0
176
     1
 90
       50
176
     1
 62
   256
176
     0
 40
1.0
176
     0
 90
        2
176
     1
  1
strokes_ogs.tif
176
     1
290
     0
176
     1
 40
1.0
176
     1
 40
1.0
176
     1
1001
ACAD
1000
AcDbSavedByObjectVersion
1070
     0
  0
VISUALSTYLE
  5
30
102
{ACAD_REACTORS
330
2A
102
}
330
2A
100
AcDbVisualStyle
  2

 70
     5
177
     3
291
     0
 70
    58
 90
        0
176
     1
 90
        2
176
     1
 90
        0
176
     1
 90
        0
176
     1
 40
0.6
176
     1
 40
30.0
176
     1
 62
     7
420
 16777215
176
     1
 90
        1
176
     1
 90
        4
176
     1
 62
     7
176
     1
 62
   257
176
     1
 90
        1
176
     1
 90
        1
176
     1
 40
1.0
176
     1
 90
        0
176
     1
 62
   257
176
     1
 40
1.0
176
     1
 90
        1
176
     1
 90
        6
176
     1
 90
        2
176
     1
 62
     7
176
     1
 90
        3
176
     1
 90
        0
176
     1
 90
        0
176
     1
290
     0
176
     1
 90
        1
176
     1
 40
0.0
176
     1
 90
        0
176
     1
290
     0
176
     1
290
     1
176
     1
290
     1
176
     1
290
     0
176
     1
290
     0
176
     1
290
     0
176
     1
290
     0
176
     1
290
     0
176
     1
290
     0
176
     1
 90
       50
176
     1
 40
0.0
176
     1
 40
1.0
176
     1
 90
        0
176
     1
 62
    18
420
        0
176
     1
 90
       50
176
     1
 90
        3
176
     1
 62
     5
420
      255
176
     1
290
     0
176
     1
 90
       50
176
     1
 90
       50
176
     1
 90
       50
176
     1
290
     0
176
     1
 90
       50
176
     1
 62
   256
176
     0
 40
1.0
176
     0
 90
        2
176
     1
  1
strokes_ogs.tif
176
     1
290
     0
176
     1
 40
1.0
176
     1
 40
1.0
176
     1
1001
ACAD
1000
AcDbSavedByObjectVersion
1070
     0
  0
VISUALSTYLE
  5
40
102
{ACAD_REACTORS
330
2A
102
}
330
2A
100
AcDbVisualStyle
  2

 70
    25
177
     3
291
     0
 70
    58
 90
        2
176
     1
 90
        2
176
     1
 90
        1
176
     1
 90
        1
176
     1
 40
0.5
176
     1
 40
30.0
176
     1
 62
     7
420
 16777215
176
     1
 90
        1
176
     1
 90
        0
176
     1
 62
     7
176
     1
 62
   257
176
     1
 90
        1
176
     1
 90
        1
176
     1
 40
1.0
176
     1
 90
        8
176
     1
 62
     7
176
     1
 40
1.0
176
     1
 90
        1
176
     1
 90
        6
176
     1
 90
        2
176
     1
 62
     7
176
     1
 90
        3
176
     1
 90
        0
176
     1
 90
        0
176
     1
290
     0
176
     1
 90
       13
176
     1
 40
0.0
176
     1
 90
        0
176
     1
290
     0
176
     1
290
     1
176
     1
290
     1
176
     1
290
     0
176
     1
290
     0
176
     1
290
     0
176
     1
290
     0
176
     1
290
     0
176
     1
290
     0
176
     1
 90
       50
176
     1
 40
0.0
176
     1
 40
1.0
176
     1
 90
        0
176
     1
 62
    18
420
        0
176
     1
 90
       50
176
     1
 90
        3
176
     1
 62
     5
420
      255
176
     1
290
     0
176
     1
 90
       50
176
     1
 90
       50
176
     1
 90
       50
176
     1
290
     0
176
     1
 90
       50
176
     1
 62
   256
176
     0
 40
1.0
176
     0
 90
        2
176
     1
  1
strokes_ogs.tif
176
     1
290
     0
176
     1
 40
1.0
176
     1
 40
1.0
176
     1
1001
ACAD
1000
AcDbSavedByObjectVersion
1070
     0
  0
DICTIONARYVAR
  5
63
102
{ACAD_REACTORS
330
62
102
}
330
62
100
DictionaryVariables
280
     0
  1
1:1
  0
DICTIONARYVAR
  5
9C
102
{ACAD_REACTORS
330
62
102
}
330
62
100
DictionaryVariables
280
     0
  1
STANDARD
  0
DICTIONARYVAR
  5
9B
102
{ACAD_REACTORS
330
62
102
}
330
62
100
DictionaryVariables
280
     0
  1
STANDARD
  0
DICTIONARYVAR
  5
B0
102
{ACAD_REACTORS
330
62
102
}
330
62
100
DictionaryVariables
280
     0
  1
Metric50
  0
DICTIONARYVAR
  5
B1
102
{ACAD_REACTORS
330
62
102
}
330
62
100
DictionaryVariables
280
     0
  1
Metric50
  0
DICTIONARYVAR
  5
B2
102
{ACAD_REACTORS
330
62
102
}
330
62
100
DictionaryVariables
280
     0
  1
1
  0
DICTIONARYVAR
  5
B3
102
{ACAD_REACTORS
330
62
102
}
330
62
100
DictionaryVariables
280
     0
  1
15
  0
DICTIONARY
  5
BD
102
{ACAD_REACTORS
330
BB
102
}
330
BB
100
AcDbDictionary
281
     1
  0
DICTIONARY
  5
BC
102
{ACAD_REACTORS
330
BB
102
}
330
BB
100
AcDbDictionary
281
     1
  3
2331284216800
350
B6
  3
2331284216816
350
B7
  3
2331284216832
350
B8
  3
2331284216848
350
B9
  3
2331284216864
350
BA
  0
DICTIONARY
  5
C0
330
A3
100
AcDbDictionary
280
     1
281
     1
  3
ACAD_XREC_ROUNDTRIP
360
C1
  0
DICTIONARY
  5
BE
330
A2
100
AcDbDictionary
280
     1
281
     1
  3
ACAD_XREC_ROUNDTRIP
360
BF
  0
DICTIONARY
  5
95
330
5A
100
AcDbDictionary
280
     1
281
     1
  3
ACAD_ROUNDTRIP_2008_TABLESTYLE_CELLSTYLEMAP
360
B4
  0
XRECORD
  5
B6
102
{ACAD_REACTORS
330
BC
102
}
330
BC
100
AcDbXrecord
280
     1
  1
AcDb3DSolid_ASM_Data
102
{ATTRRECORD
341
B7
  2
AcDbDs::TreatedAsObjectData
280
     1
291
     1
102
ATTRRECORD}
102
{ATTRRECORD
341
B8
  2
AcDbDs::Legacy
280
     1
291
     1
102
ATTRRECORD}
  2
AcDbDs::ID
280
    10
 91
        8
102
{ATTRRECORD
341
B9
  2
AcDs:Indexable
280
     1
291
     1
102
ATTRRECORD}
102
{ATTRRECORD
341
BA
  2
AcDbDs::HandleAttribute
280
     7
282
     1
102
ATTRRECORD}
  2
ASM_Data
280
    15
 91
        0
  0
XRECORD
  5
B7
102
{ACAD_REACTORS
330
BC
102
}
330
BC
100
AcDbXrecord
280
     1
  1
AcDbDs::TreatedAsObjectDataSchema
  2
AcDbDs::TreatedAsObjectData
280
     1
 91
        0
  0
XRECORD
  5
B8
102
{ACAD_REACTORS
330
BC
102
}
330
BC
100
AcDbXrecord
280
     1
  1
AcDbDs::LegacySchema
  2
AcDbDs::Legacy
280
     1
 91
        0
  0
XRECORD
  5
B9
102
{ACAD_REACTORS
330
BC
102
}
330
BC
100
AcDbXrecord
280
     1
  1
AcDbDs::IndexedPropertySchema
  2
AcDs:Indexable
280
     1
 91
        0
  0
XRECORD
  5
BA
102
{ACAD_REACTORS
330
BC
102
}
330
BC
100
AcDbXrecord
280
     1
  1
AcDbDs::HandleAttributeSchema
  2
AcDbDs::HandleAttribute
280
     7
 91
        1
284
     1
  0
XRECORD
  5
C1
102
{ACAD_REACTORS
330
C0
102
}
330
C0
100
AcDbXrecord
280
     1
102
DISPLAYNAME
  1
Metric50
102
FLAGS
 90
        0
  0
XRECORD
  5
BF
102
{ACAD_REACTORS
330
BE
102
}
330
BE
100
AcDbXrecord
280
     1
102
DISPLAYNAME
  1
Metric50
102
FLAGS
 90
        0
  0
CELLSTYLEMAP
  5
B4
102
{ACAD_REACTORS
330
95
102
}
330
95
100
AcDbCellStyleMap
 90
        3
300
CELLSTYLE
  1
TABLEFORMAT_BEGIN
 90
        5
170
     1
 91
        0
 92
    32768
 62
   257
 93
        1
300
CONTENTFORMAT
  1
CONTENTFORMAT_BEGIN
 90
        0
 91
        0
 92
        4
 93
        0
300

 40
0.0
140
1.0
 94
        5
 62
     0
340
11
144
0.25
309
CONTENTFORMAT_END
171
     1
301
MARGIN
  1
CELLMARGIN_BEGIN
 40
0.06
 40
0.06
 40
0.06
 40
0.06
 40
0.18
 40
0.18
309
CELLMARGIN_END
 94
        6
 95
        1
302
GRIDFORMAT
  1
GRIDFORMAT_BEGIN
 90
        0
 91
        1
 62
     0
 92
       -2
340
14
 93
        0
 40
0.045
309
GRIDFORMAT_END
 95
        2
302
GRIDFORMAT
  1
GRIDFORMAT_BEGIN
 90
        0
 91
        1
 62
     0
 92
       -2
340
14
 93
        0
 40
0.045
309
GRIDFORMAT_END
 95
        4
302
GRIDFORMAT
  1
GRIDFORMAT_BEGIN
 90
        0
 91
        1
 62
     0
 92
       -2
340
14
 93
        0
 40
0.045
309
GRIDFORMAT_END
 95
        8
302
GRIDFORMAT
  1
GRIDFORMAT_BEGIN
 90
        0
 91
        1
 62
     0
 92
       -2
340
14
 93
        0
 40
0.045
309
GRIDFORMAT_END
 95
       16
302
GRIDFORMAT
  1
GRIDFORMAT_BEGIN
 90
        0
 91
        1
 62
     0
 92
       -2
340
14
 93
        0
 40
0.045
309
GRIDFORMAT_END
 95
       32
302
GRIDFORMAT
  1
GRIDFORMAT_BEGIN
 90
        0
 91
        1
 62
     0
 92
       -2
340
14
 93
        0
 40
0.045
309
GRIDFORMAT_END
309
TABLEFORMAT_END
  1
CELLSTYLE_BEGIN
 90
        1
 91
        1
300
_TITLE
309
CELLSTYLE_END
300
CELLSTYLE
  1
TABLEFORMAT_BEGIN
 90
        5
170
     1
 91
        0
 92
        0
 62
   257
 93
        1
300
CONTENTFORMAT
  1
CONTENTFORMAT_BEGIN
 90
        0
 91
        0
 92
        4
 93
        0
300

 40
0.0
140
1.0
 94
        5
 62
     0
340
11
144
0.18
309
CONTENTFORMAT_END
171
     1
301
MARGIN
  1
CELLMARGIN_BEGIN
 40
0.06
 40
0.06
 40
0.06
 40
0.06
 40
0.18
 40
0.18
309
CELLMARGIN_END
 94
        6
 95
        1
302
GRIDFORMAT
  1
GRIDFORMAT_BEGIN
 90
        0
 91
        1
 62
     0
 92
       -2
340
14
 93
        0
 40
0.045
309
GRIDFORMAT_END
 95
        2
302
GRIDFORMAT
  1
GRIDFORMAT_BEGIN
 90
        0
 91
        1
 62
     0
 92
       -2
340
14
 93
        0
 40
0.045
309
GRIDFORMAT_END
 95
        4
302
GRIDFORMAT
  1
GRIDFORMAT_BEGIN
 90
        0
 91
        1
 62
     0
 92
       -2
340
14
 93
        0
 40
0.045
309
GRIDFORMAT_END
 95
        8
302
GRIDFORMAT
  1
GRIDFORMAT_BEGIN
 90
        0
 91
        1
 62
     0
 92
       -2
340
14
 93
        0
 40
0.045
309
GRIDFORMAT_END
 95
       16
302
GRIDFORMAT
  1
GRIDFORMAT_BEGIN
 90
        0
 91
        1
 62
     0
 92
       -2
340
14
 93
        0
 40
0.045
309
GRIDFORMAT_END
 95
       32
302
GRIDFORMAT
  1
GRIDFORMAT_BEGIN
 90
        0
 91
        1
 62
     0
 92
       -2
340
14
 93
        0
 40
0.045
309
GRIDFORMAT_END
309
TABLEFORMAT_END
  1
CELLSTYLE_BEGIN
 90
        2
 91
        1
300
_HEADER
309
CELLSTYLE_END
300
CELLSTYLE
  1
TABLEFORMAT_BEGIN
 90
        5
170
     1
 91
        0
 92
        0
 62
   257
 93
        1
300
CONTENTFORMAT
  1
CONTENTFORMAT_BEGIN
 90
        0
 91
        0
 92
        4
 93
        0
300

 40
0.0
140
1.0
 94
        2
 62
     0
340
11
144
0.18
309
CONTENTFORMAT_END
171
     1
301
MARGIN
  1
CELLMARGIN_BEGIN
 40
0.06
 40
0.06
 40
0.06
 40
0.06
 40
0.18
 40
0.18
309
CELLMARGIN_END
 94
        6
 95
        1
302
GRIDFORMAT
  1
GRIDFORMAT_BEGIN
 90
        0
 91
        1
 62
     0
 92
       -2
340
14
 93
        0
 40
0.045
309
GRIDFORMAT_END
 95
        2
302
GRIDFORMAT
  1
GRIDFORMAT_BEGIN
 90
        0
 91
        1
 62
     0
 92
       -2
340
14
 93
        0
 40
0.045
309
GRIDFORMAT_END
 95
        4
302
GRIDFORMAT
  1
GRIDFORMAT_BEGIN
 90
        0
 91
        1
 62
     0
 92
       -2
340
14
 93
        0
 40
0.045
309
GRIDFORMAT_END
 95
        8
302
GRIDFORMAT
  1
GRIDFORMAT_BEGIN
 90
        0
 91
        1
 62
     0
 92
       -2
340
14
 93
        0
 40
0.045
309
GRIDFORMAT_END
 95
       16
302
GRIDFORMAT
  1
GRIDFORMAT_BEGIN
 90
        0
 91
        1
 62
     0
 92
       -2
340
14
 93
        0
 40
0.045
309
GRIDFORMAT_END
 95
       32
302
GRIDFORMAT
  1
GRIDFORMAT_BEGIN
 90
        0
 91
        1
 62
     0
 92
       -2
340
14
 93
        0
 40
0.045
309
GRIDFORMAT_END
309
TABLEFORMAT_END
  1
CELLSTYLE_BEGIN
 90
        3
 91
        2
300
_DATA
309
CELLSTYLE_END
  0
ENDSEC
  0
SECTION
  2
ACDSDATA
 70
     2
 71
     8
  0
ACDSSCHEMA
 90
        0
  1
AcDb3DSolid_ASM_Data
  2
AcDbDs::ID
280
    10
 91
        8
  2
ASM_Data
280
    15
 91
        0
101
ACDSRECORD
 95
        0
 90
        1
  2
AcDbDs::TreatedAsObjectData
280
     1
291
     1
101
ACDSRECORD
 95
        0
 90
        2
  2
AcDbDs::Legacy
280
     1
291
     1
101
ACDSRECORD
  1
AcDbDs::ID
 90
        3
  2
AcDs:Indexable
280
     1
291
     1
101
ACDSRECORD
  1
AcDbDs::ID
 90
        4
  2
AcDbDs::HandleAttribute
280
     7
282
     1
  0
ACDSSCHEMA
 90
        1
  1
AcDbDs::TreatedAsObjectDataSchema
  2
AcDbDs::TreatedAsObjectData
280
     1
 91
        0
  0
ACDSSCHEMA
 90
        2
  1
AcDbDs::LegacySchema
  2
AcDbDs::Legacy
280
     1
 91
        0
  0
ACDSSCHEMA
 90
        3
  1
AcDbDs::IndexedPropertySchema
  2
AcDs:Indexable
280
     1
 91
        0
  0
ACDSSCHEMA
 90
        4
  1
AcDbDs::HandleAttributeSchema
  2
AcDbDs::HandleAttribute
280
     7
 91
        1
284
     1
  0
ACDSRECORD
 90
        0
  2
AcDbDs::ID
280
    10
320
60
  2
ASM_Data
280
    15
 94
   118865
310
414349532042696E61727946696C652855000000000000020000000C00000007104175746F6465736B204175746F434144071441534D203233312E362E322E3635353335204E540718467269205365702020342031313A30353A3432203230323606000000000000F03F068DEDB5A0F7C6B03E06BBBDD7D9DF7CDB3D0D0961
310
736D6865616465720CFFFFFFFF04FFFFFFFF070D3233312E362E322E3635353335110D04626F64790CFFFFFFFF04FFFFFFFF0CFFFFFFFF0C020000000CFFFFFFFF0C03000000110D046C756D700CFFFFFFFF04FFFFFFFF0CFFFFFFFF0CFFFFFFFF0C040000000C01000000110D097472616E73666F726D0CFFFFFFFF04FFFF
310
FFFF14000000000000F03F00000000000000000000000000000000140000000000000000000000000000F03F00000000000000001400000000000000000000000000000000000000000000F03F1400000000000000000000000000000000000000000000000006000000000000F03F0B0B0B110D057368656C6C0CFFFFFFFF
310
04FFFFFFFF0CFFFFFFFF0CFFFFFFFF0CFFFFFFFF0C050000000CFFFFFFFF0C02000000110D04666163650CFFFFFFFF04FFFFFFFF0CFFFFFFFF0C060000000C070000000C040000000CFFFFFFFF0C080000000B0B110D04666163650CFFFFFFFF04FFFFFFFF0CFFFFFFFF0C090000000C0A0000000C040000000CFFFFFFFF0C
310
0B0000000B0B110D046C6F6F700CFFFFFFFF04FFFFFFFF0CFFFFFFFF0CFFFFFFFF0C0C0000000C05000000110E05706C616E650D07737572666163650CFFFFFFFF04FFFFFFFF0CFFFFFFFF13000000000000F0BF000000000000000000000000000033C0140000000000000000000000000000F0BF00000000000000001400
310
0000000000F03F000000000000000000000000000000000B0B0B0B0B110D04666163650CFFFFFFFF04FFFFFFFF0CFFFFFFFF0C0D0000000C0E0000000C040000000CFFFFFFFF0C0F0000000B0B110D046C6F6F700CFFFFFFFF04FFFFFFFF0CFFFFFFFF0CFFFFFFFF0C100000000C06000000110E05706C616E650D07737572
310
666163650CFFFFFFFF04FFFFFFFF0CFFFFFFFF130000000000107940000000000000F0BF00000000000033C014000000000000F03F00000000000000000000000000000000140000000000000000000000000000F03F00000000000000000B0B0B0B0B110D06636F656467650CFFFFFFFF04FFFFFFFF0CFFFFFFFF0C110000
310
000C120000000C130000000C140000000B0C0700000004000000000C15000000110D04666163650CFFFFFFFF04FFFFFFFF0CFFFFFFFF0C160000000C170000000C040000000CFFFFFFFF0C180000000B0B110D046C6F6F700CFFFFFFFF04FFFFFFFF0CFFFFFFFF0CFFFFFFFF0C190000000C09000000110E05706C616E650D
310
07737572666163650CFFFFFFFF04FFFFFFFF0CFFFFFFFF130000000000207940000000000050704000000000000033C0140000000000000000000000000000F03F000000000000000014000000000000F0BF000000000000000000000000000000000B0B0B0B0B110D06636F656467650CFFFFFFFF04FFFFFFFF0CFFFFFFFF
310
0C1A0000000C1B0000000C1C0000000C1D0000000B0C0A00000004000000000C1E000000110D06636F656467650CFFFFFFFF04FFFFFFFF0CFFFFFFFF0C1F0000000C0C0000000C1B0000000C200000000B0C0700000004000000000C21000000110D06636F656467650CFFFFFFFF04FFFFFFFF0CFFFFFFFF0C0C0000000C1F
310
0000000C220000000C230000000A0C0700000004000000000C24000000110D06636F656467650CFFFFFFFF04FFFFFFFF0CFFFFFFFF0C250000000C1C0000000C0C0000000C140000000A0C2600000004000000000C27000000110D04656467650CFFFFFFFF04FFFFFFFF0CFFFFFFFF0C280000000600000000000000000C29
310
0000000600000000001079400C0C0000000C2A0000000B0707756E6B6E6F776E110D067063757276650CFFFFFFFF04FFFFFFFF0CFFFFFFFF04000000000B0F0D0B6578705F7061725F6375720D046E756273040100000015000000000402000000060000000000000000040100000006000000000010794004010000000600
310
000000001069C00600000000000022C00600000000001069400600000000000022C00600000000000000000D05706C616E6513000000000000F0BF000000000000000000000000000033C0140000000000000000000000000000F0BF000000000000000014000000000000F03F000000000000000000000000000000000B0B
310
0B0B0B10060000000000000000060000000000000000110D04666163650CFFFFFFFF04FFFFFFFF0CFFFFFFFF0C2B0000000C260000000C040000000CFFFFFFFF0C2C0000000B0B110D046C6F6F700CFFFFFFFF04FFFFFFFF0CFFFFFFFF0CFFFFFFFF0C2D0000000C0D000000110E05706C616E650D07737572666163650CFF
310
FFFFFF04FFFFFFFF0CFFFFFFFF130000000000000000000000000060704000000000000033C014000000000000F0BF00000000000000000000000000000000140000000000000000000000000000F0BF00000000000000000B0B0B0B0B110D06636F656467650CFFFFFFFF04FFFFFFFF0CFFFFFFFF0C2E0000000C2F000000
310
0C300000000C310000000B0C0E00000004000000000C32000000110D06636F656467650CFFFFFFFF04FFFFFFFF0CFFFFFFFF0C330000000C100000000C2F0000000C340000000B0C0A00000004000000000C35000000110D06636F656467650CFFFFFFFF04FFFFFFFF0CFFFFFFFF0C100000000C330000000C110000000C20
310
0000000A0C0A00000004000000000C36000000110D06636F656467650CFFFFFFFF04FFFFFFFF0CFFFFFFFF0C130000000C300000000C100000000C1D0000000A0C2600000004000000000C37000000110D04656467650CFFFFFFFF04FFFFFFFF0CFFFFFFFF0C290000000600000000000000000C3800000006000000000050
310
70400C100000000C390000000B0707756E6B6E6F776E110D067063757276650CFFFFFFFF04FFFFFFFF0CFFFFFFFF04000000000B0F0D0B6578705F7061725F6375720D046E756273040100000015000000000402000000060000000000000000040100000006000000000050704004010000000600000000005060C0060000
310
0000000022C00600000000005060400600000000000022C00600000000000000000D05706C616E65130000000000107940000000000000F0BF00000000000033C014000000000000F03F00000000000000000000000000000000140000000000000000000000000000F03F00000000000000000B0B0B0B0B10060000000000
310
000000060000000000000000110D06636F656467650CFFFFFFFF04FFFFFFFF0CFFFFFFFF0C120000000C110000000C3A0000000C3B0000000A0C0700000004000000000C3C000000110D04656467650CFFFFFFFF04FFFFFFFF0CFFFFFFFF0C290000000600000000000000000C3D0000000600000000000032400C11000000
310
0C3E0000000B0707756E6B6E6F776E110D067063757276650CFFFFFFFF04FFFFFFFF0CFFFFFFFF04000000000B0F0D0B6578705F7061725F6375720D046E756273040100000015000000000402000000060000000000000000040100000006000000000000324004010000000600000000001069400600000000000022C006
310
00000000001069400600000000000022400600000000000000000D05706C616E6513000000000000F0BF000000000000000000000000000033C0140000000000000000000000000000F0BF000000000000000014000000000000F03F000000000000000000000000000000000B0B0B0B0B1006000000000000000006000000
310
0000000000110D06636F656467650CFFFFFFFF04FFFFFFFF0CFFFFFFFF0C3F0000000C2D0000000C120000000C230000000B0C1700000004000000000C40000000110D04656467650CFFFFFFFF04FFFFFFFF0CFFFFFFFF0C280000000600000000000000000C410000000600000000000032400C120000000C420000000B07
310
07756E6B6E6F776E110D067063757276650CFFFFFFFF04FFFFFFFF0CFFFFFFFF04000000000B0F0D0B6578705F7061725F6375720D046E7562730401000000150000000004020000000600000000000032C0040100000006000000000000000004010000000600000000001069C00600000000000022400600000000001069
310
C00600000000000022C00600000000000000000D05706C616E6513000000000000F0BF000000000000000000000000000033C0140000000000000000000000000000F0BF000000000000000014000000000000F03F000000000000000000000000000000000B0B0B0B0B10060000000000000000060000000000000000110D
310
06636F656467650CFFFFFFFF04FFFFFFFF0CFFFFFFFF0C300000000C130000000C2D0000000C430000000A0C2600000004000000000C44000000110D046C6F6F700CFFFFFFFF04FFFFFFFF0CFFFFFFFF0C450000000C250000000C16000000110D067063757276650CFFFFFFFF04FFFFFFFF0CFFFFFFFF04000000000B0F0D
310
0B6578705F7061725F6375720D046E7562730401000000150000000004020000000600000000001079C0040100000006000000000000000004010000000600000000005060C00600000000001069400600000000005060C00600000000001069C00600000000000000000D05706C616E6513000000000000F0BF0000000000
310
00F0BF00000000000032C01400000000000000000000000000000000000000000000F0BF140000000000000000000000000000F03F00000000000000000B0B0B0B0B10060000000000000000060000000000000000110D067665727465780CFFFFFFFF04FFFFFFFF0CFFFFFFFF0C1400000004020000000C46000000110D06
310
7665727465780CFFFFFFFF04FFFFFFFF0CFFFFFFFF0C1400000004020000000C47000000110E08696E7463757276650D0563757276650CFFFFFFFF04FFFFFFFF0CFFFFFFFF0B0F0D0D65786163745F696E745F63757204A451000015000000000D046E75627304010000001500000000040200000006000000000000000004
310
01000000060000000000107940040100000006000000000000143D0600000000000000000600000000000032C00600000000001079400600000000000000000600000000000032C00600000000000000000D0C6E756C6C5F737572666163650D0C6E756C6C5F737572666163650D066E756C6C62730D066E756C6C62730B0B
310
04000000000400000000040000000004000000000A0600000000000000000A06000000000010794015000000001500000000100A0600000000000000000A060000000000107940110D04666163650CFFFFFFFF04FFFFFFFF0CFFFFFFFF0C480000000C490000000C040000000CFFFFFFFF0C4A0000000B0B110E05706C616E
310
650D07737572666163650CFFFFFFFF04FFFFFFFF0CFFFFFFFF13000000000000F0BF000000000000F0BF00000000000032C01400000000000000000000000000000000000000000000F0BF140000000000000000000000000000F03F00000000000000000B0B0B0B0B110D06636F656467650CFFFFFFFF04FFFFFFFF0CFFFF
310
FFFF0C220000000C4B0000000C250000000C430000000B0C1700000004000000000C4C000000110D06636F656467650CFFFFFFFF04FFFFFFFF0CFFFFFFFF0C4D0000000C190000000C4B0000000C4E0000000B0C0E00000004000000000C4F000000110D06636F656467650CFFFFFFFF04FFFFFFFF0CFFFFFFFF0C19000000
310
0C4D0000000C1A0000000C340000000A0C0E00000004000000000C50000000110D06636F656467650CFFFFFFFF04FFFFFFFF0CFFFFFFFF0C1C0000000C250000000C190000000C310000000A0C2600000004000000000C51000000110D04656467650CFFFFFFFF04FFFFFFFF0CFFFFFFFF0C38000000060000000000000000
310
0C520000000600000000001079400C190000000C530000000B0707756E6B6E6F776E110D067063757276650CFFFFFFFF04FFFFFFFF0CFFFFFFFF04000000000B0F0D0B6578705F7061725F6375720D046E75627304010000001500000000040200000006000000000000000004010000000600000000001079400401000000
310
0600000000001069C00600000000000022C00600000000001069400600000000000022C00600000000000000000D05706C616E65130000000000207940000000000050704000000000000033C0140000000000000000000000000000F03F000000000000000014000000000000F0BF00000000000000000000000000000000
310
0B0B0B0B0B10060000000000000000060000000000000000110D06636F656467650CFFFFFFFF04FFFFFFFF0CFFFFFFFF0C1B0000000C1A0000000C540000000C550000000A0C0A00000004000000000C56000000110D04656467650CFFFFFFFF04FFFFFFFF0CFFFFFFFF0C380000000600000000000000000C570000000600
310
000000000032400C1A0000000C580000000B0707756E6B6E6F776E110D067063757276650CFFFFFFFF04FFFFFFFF0CFFFFFFFF04000000000B0F0D0B6578705F7061725F6375720D046E7562730401000000150000000004020000000600000000000000000401000000060000000000003240040100000006000000000050
310
60400600000000000022C00600000000005060400600000000000022400600000000000000000D05706C616E65130000000000107940000000000000F0BF00000000000033C014000000000000F03F00000000000000000000000000000000140000000000000000000000000000F03F00000000000000000B0B0B0B0B1006
310
0000000000000000060000000000000000110D067063757276650CFFFFFFFF04FFFFFFFF0CFFFFFFFF04000000000B0F0D0B6578705F7061725F6375720D046E7562730401000000150000000004020000000600000000000032C0040100000006000000000000000004010000000600000000005060C00600000000000022
310
400600000000005060C00600000000000022C00600000000000000000D05706C616E65130000000000107940000000000000F0BF00000000000033C014000000000000F03F00000000000000000000000000000000140000000000000000000000000000F03F00000000000000000B0B0B0B0B100600000000000000000600
310
00000000000000110D067063757276650CFFFFFFFF04FFFFFFFF0CFFFFFFFF04000000000B0F0D0B6578705F7061725F6375720D046E7562730401000000150000000004020000000600000000005070C0040100000006000000000000000004010000000600000000005060400600000000001069400600000000005060C0
310
0600000000001069400600000000000000000D05706C616E6513000000000000F0BF000000000000F0BF00000000000032C01400000000000000000000000000000000000000000000F0BF140000000000000000000000000000F03F00000000000000000B0B0B0B0B10060000000000000000060000000000000000110D06
310
7665727465780CFFFFFFFF04FFFFFFFF0CFFFFFFFF0C1D00000004020000000C59000000110E08696E7463757276650D0563757276650CFFFFFFFF04FFFFFFFF0CFFFFFFFF0B0F0D0D65786163745F696E745F63757204A451000015000000000D046E75627304010000001500000000040200000006000000000000000004
310
010000000600000000005070400401000000060000000000107940060000000000800DBD0600000000000032C006000000000010794006FFFFFFFFFF4F70400600000000000032C00600000000000000000D0C6E756C6C5F737572666163650D0C6E756C6C5F737572666163650D066E756C6C62730D066E756C6C62730B0B
310
04000000000400000000040000000004000000000A0600000000000000000A06000000000050704015000000001500000000100A0600000000000000000A060000000000507040110D06636F656467650CFFFFFFFF04FFFFFFFF0CFFFFFFFF0C540000000C5A0000000C1F0000000C3B0000000B0C4900000004000000000C
310
5B000000110D04656467650CFFFFFFFF04FFFFFFFF0CFFFFFFFF0C410000000600000000000000000C3D0000000600000000001079400C1F0000000C5C0000000B0707756E6B6E6F776E110D067063757276650CFFFFFFFF04FFFFFFFF0CFFFFFFFF04000000000B0F0D0B6578705F7061725F6375720D046E756273040100
310
0000150000000004020000000600000000001079C0040100000006000000000000000004010000000600000000001069400600000000000022400600000000001069C00600000000000022400600000000000000000D05706C616E6513000000000000F0BF000000000000000000000000000033C014000000000000000000
310
0000000000F0BF000000000000000014000000000000F03F000000000000000000000000000000000B0B0B0B0B10060000000000000000060000000000000000110D067665727465780CFFFFFFFF04FFFFFFFF0CFFFFFFFF0C3B00000004020000000C5D000000110E08696E7463757276650D0563757276650CFFFFFFFF04
310
FFFFFFFF0CFFFFFFFF0B0F0D0D65786163745F696E745F63757204A451000015000000000D046E756273040100000015000000000402000000060000000000000000040100000006000000000000324004010000000600000000001079400600000000000000000600000000000032C0060000000000107940060000000000
310
00000006000000000000D0BC0600000000000000000D0C6E756C6C5F737572666163650D0C6E756C6C5F737572666163650D066E756C6C62730D066E756C6C62730B0B04000000000400000000040000000004000000000A0600000000000000000A06000000000000324015000000001500000000100A0600000000000000
310
000A060000000000003240110D06636F656467650CFFFFFFFF04FFFFFFFF0CFFFFFFFF0C4B0000000C220000000C5A0000000C5E0000000A0C1700000004000000000C5F000000110D067063757276650CFFFFFFFF04FFFFFFFF0CFFFFFFFF04000000000B0F0D0B6578705F7061725F6375720D046E756273040100000015
310
000000000402000000060000000000000000040100000006000000000000324004010000000600000000005060400600000000000022C00600000000005060400600000000000022400600000000000000000D05706C616E65130000000000000000000000000060704000000000000033C014000000000000F0BF00000000
310
000000000000000000000000140000000000000000000000000000F0BF00000000000000000B0B0B0B0B10060000000000000000060000000000000000110D067665727465780CFFFFFFFF04FFFFFFFF0CFFFFFFFF0C3B00000004020000000C60000000110E08696E7463757276650D0563757276650CFFFFFFFF04FFFFFF
310
FF0CFFFFFFFF0B0F0D0D65786163745F696E745F63757204A451000015000000000D046E756273040100000015000000000402000000060000000000000000040100000006000000000000324004010000000600000000000000000600000000000000000600000000000032C0060000000000000000060000000000000000
310
06000000000000D0BC0600000000000000000D0C6E756C6C5F737572666163650D0C6E756C6C5F737572666163650D066E756C6C62730D066E756C6C62730B0B04000000000400000000040000000004000000000A0600000000000000000A06000000000000324015000000001500000000100A0600000000000000000A06
310
0000000000003240110D04656467650CFFFFFFFF04FFFFFFFF0CFFFFFFFF0C520000000600000000000000000C280000000600000000005070400C2D0000000C610000000B0707756E6B6E6F776E110D067063757276650CFFFFFFFF04FFFFFFFF0CFFFFFFFF04000000000B0F0D0B6578705F7061725F6375720D046E7562
310
730401000000150000000004020000000600000000005070C0040100000006000000000000000004010000000600000000005060C00600000000001069C00600000000005060400600000000001069C00600000000000000000D05706C616E6513000000000000F0BF000000000000F0BF00000000000032C0140000000000
310
0000000000000000000000000000000000F0BF140000000000000000000000000000F03F00000000000000000B0B0B0B0B10060000000000000000060000000000000000110D046C6F6F700CFFFFFFFF04FFFFFFFF0CFFFFFFFF0C620000000C630000000C16000000110D05706F696E740CFFFFFFFF04FFFFFFFF0CFFFFFF
310
FF1300000000000000000000000000800DBD00000000000032C0110D05706F696E740CFFFFFFFF04FFFFFFFF0CFFFFFFFF1300000000001079400000000000800DBD00000000000032C0110D04666163650CFFFFFFFF04FFFFFFFF0CFFFFFFFF0C640000000C650000000C040000000CFFFFFFFF0C660000000B0B110D046C
310
6F6F700CFFFFFFFF04FFFFFFFF0CFFFFFFFF0CFFFFFFFF0C3A0000000C2B000000110E05706C616E650D07737572666163650CFFFFFFFF04FFFFFFFF0CFFFFFFFF13000000000000F0BF000000000000F0BF00000000000000001400000000000000000000000000000000000000000000F03F14000000000000F03F000000
310
000000000000000000000000000B0B0B0B0B110D06636F656467650CFFFFFFFF04FFFFFFFF0CFFFFFFFF0C2D0000000C3F0000000C2E0000000C4E0000000A0C1700000004000000000C67000000110D067063757276650CFFFFFFFF04FFFFFFFF0CFFFFFFFF04000000000B0F0D0B6578705F7061725F6375720D046E7562
310
73040100000015000000000402000000060000000000000000040100000006000000000050704004010000000600000000005060C00600000000000022C00600000000005060400600000000000022C00600000000000000000D05706C616E65130000000000000000000000000060704000000000000033C0140000000000
310
00F0BF00000000000000000000000000000000140000000000000000000000000000F0BF00000000000000000B0B0B0B0B10060000000000000000060000000000000000110D06636F656467650CFFFFFFFF04FFFFFFFF0CFFFFFFFF0C2F0000000C2E0000000C680000000C690000000A0C0E00000004000000000C6A0000
310
00110D04656467650CFFFFFFFF04FFFFFFFF0CFFFFFFFF0C520000000600000000000000000C6B0000000600000000000032400C2E0000000C6C0000000B0707756E6B6E6F776E110D067063757276650CFFFFFFFF04FFFFFFFF0CFFFFFFFF04000000000B0F0D0B6578705F7061725F6375720D046E756273040100000015
310
000000000402000000060000000000000000040100000006000000000000324004010000000600000000001069400600000000000022C00600000000001069400600000000000022400600000000000000000D05706C616E65130000000000207940000000000050704000000000000033C014000000000000000000000000
310
0000F03F000000000000000014000000000000F0BF000000000000000000000000000000000B0B0B0B0B10060000000000000000060000000000000000110D067063757276650CFFFFFFFF04FFFFFFFF0CFFFFFFFF04000000000B0F0D0B6578705F7061725F6375720D046E75627304010000001500000000040200000006
310
00000000000032C0040100000006000000000000000004010000000600000000001069C00600000000000022400600000000001069C00600000000000022C00600000000000000000D05706C616E65130000000000207940000000000050704000000000000033C0140000000000000000000000000000F03F000000000000
310
000014000000000000F0BF000000000000000000000000000000000B0B0B0B0B10060000000000000000060000000000000000110D067063757276650CFFFFFFFF04FFFFFFFF0CFFFFFFFF04000000000B0F0D0B6578705F7061725F6375720D046E7562730401000000150000000004020000000600000000001079C00401
310
00000006000000000000000004010000000600000000005060400600000000001069C00600000000005060400600000000001069400600000000000000000D05706C616E6513000000000000F0BF000000000000F0BF00000000000032C01400000000000000000000000000000000000000000000F0BF1400000000000000
310
00000000000000F03F00000000000000000B0B0B0B0B10060000000000000000060000000000000000110D067665727465780CFFFFFFFF04FFFFFFFF0CFFFFFFFF0C3100000004020000000C6D000000110E08696E7463757276650D0563757276650CFFFFFFFF04FFFFFFFF0CFFFFFFFF0B0F0D0D65786163745F696E745F
310
63757204A451000015000000000D046E7562730401000000150000000004020000000600000000000000000401000000060000000000107940040100000006000000000010794006FFFFFFFFFF4F70400600000000000032C006000000000000143D06FFFFFFFFFF4F70400600000000000032C00600000000000000000D0C
310
6E756C6C5F737572666163650D0C6E756C6C5F737572666163650D066E756C6C62730D066E756C6C62730B0B04000000000400000000040000000004000000000A0600000000000000000A06000000000010794015000000001500000000100A0600000000000000000A060000000000107940110D06636F656467650CFFFF
310
FFFF04FFFFFFFF0CFFFFFFFF0C680000000C3A0000000C330000000C550000000B0C4900000004000000000C6E000000110D04656467650CFFFFFFFF04FFFFFFFF0CFFFFFFFF0C3D0000000600000000000000000C570000000600000000005070400C330000000C6F0000000B0707756E6B6E6F776E110D06706375727665
310
0CFFFFFFFF04FFFFFFFF0CFFFFFFFF04000000000B0F0D0B6578705F7061725F6375720D046E7562730401000000150000000004020000000600000000005070C0040100000006000000000000000004010000000600000000005060400600000000000022400600000000005060C006000000000000224006000000000000
310
00000D05706C616E65130000000000107940000000000000F0BF00000000000033C014000000000000F03F00000000000000000000000000000000140000000000000000000000000000F03F00000000000000000B0B0B0B0B10060000000000000000060000000000000000110D067665727465780CFFFFFFFF04FFFFFFFF
310
0CFFFFFFFF0C5500000004020000000C70000000110E08696E7463757276650D0563757276650CFFFFFFFF04FFFFFFFF0CFFFFFFFF0B0F0D0D65786163745F696E745F63757204A451000015000000000D046E7562730401000000150000000004020000000600000000000000000401000000060000000000003240040100
310
00000600000000001079400600000000005070400600000000000032C006000000000010794006000000000050704006000000000000D0BC0600000000000000000D0C6E756C6C5F737572666163650D0C6E756C6C5F737572666163650D066E756C6C62730D066E756C6C62730B0B04000000000400000000040000000004
310
000000000A0600000000000000000A06000000000000324015000000001500000000100A0600000000000000000A060000000000003240110D05706F696E740CFFFFFFFF04FFFFFFFF0CFFFFFFFF130000000000107940FFFFFFFFFF4F704000000000000032C0110D06636F656467650CFFFFFFFF04FFFFFFFF0CFFFFFFFF
310
0C3A0000000C680000000C3F0000000C5E0000000B0C4900000004000000000C71000000110D067063757276650CFFFFFFFF04FFFFFFFF0CFFFFFFFF04000000000B0F0D0B6578705F7061725F6375720D046E7562730401000000150000000004020000000600000000000000000401000000060000000000107940040100
310
00000600000000001069C00600000000005060C00600000000001069400600000000005060C00600000000000000000D05706C616E6513000000000000F0BF000000000000F0BF00000000000000001400000000000000000000000000000000000000000000F03F14000000000000F03F0000000000000000000000000000
310
00000B0B0B0B0B10060000000000000000060000000000000000110E08696E7463757276650D0563757276650CFFFFFFFF04FFFFFFFF0CFFFFFFFF0B0F0D0D65786163745F696E745F63757204A451000015000000000D046E7562730401000000150000000004020000000600000000000000000401000000060000000000
310
107940040100000006000000000000143D0600000000000000000600000000000000000600000000001079400600000000000000000600000000000000000600000000000000000D0C6E756C6C5F737572666163650D0C6E756C6C5F737572666163650D066E756C6C62730D066E756C6C62730B0B04000000000400000000
310
040000000004000000000A0600000000000000000A06000000000010794015000000001500000000100A0600000000000000000A060000000000107940110D05706F696E740CFFFFFFFF04FFFFFFFF0CFFFFFFFF13000000000010794000000000000000000000000000000000110D04656467650CFFFFFFFF04FFFFFFFF0C
310
FFFFFFFF0C6B0000000600000000000000000C410000000600000000005070400C3F0000000C720000000B0707756E6B6E6F776E110D067063757276650CFFFFFFFF04FFFFFFFF0CFFFFFFFF04000000000B0F0D0B6578705F7061725F6375720D046E7562730401000000150000000004020000000600000000005070C004
310
0100000006000000000000000004010000000600000000005060400600000000000022400600000000005060C00600000000000022400600000000000000000D05706C616E65130000000000000000000000000060704000000000000033C014000000000000F0BF0000000000000000000000000000000014000000000000
310
0000000000000000F0BF00000000000000000B0B0B0B0B10060000000000000000060000000000000000110D05706F696E740CFFFFFFFF04FFFFFFFF0CFFFFFFFF13000000000000143D00000000000000000000000000000000110E08696E7463757276650D0563757276650CFFFFFFFF04FFFFFFFF0CFFFFFFFF0B0F0D0D
310
65786163745F696E745F63757204A451000015000000000D046E7562730401000000150000000004020000000600000000000000000401000000060000000000507040040100000006000000000000000006FFFFFFFFFF4F70400600000000000032C0060000000000000000060000000000800DBD0600000000000032C006
310
00000000000000000D0C6E756C6C5F737572666163650D0C6E756C6C5F737572666163650D066E756C6C62730D066E756C6C62730B0B04000000000400000000040000000004000000000A0600000000000000000A06000000000050704015000000001500000000100A0600000000000000000A060000000000507040110D
310
046C6F6F700CFFFFFFFF04FFFFFFFF0CFFFFFFFF0C730000000C740000000C16000000110D06636F656467650CFFFFFFFF04FFFFFFFF0CFFFFFFFF0C750000000C750000000C760000000C770000000B0C4500000004000000000C78000000110D04666163650CFFFFFFFF04FFFFFFFF0CFFFFFFFF0C790000000C7A000000
310
0C040000000CFFFFFFFF0C7B0000000B0B110D046C6F6F700CFFFFFFFF04FFFFFFFF0CFFFFFFFF0CFFFFFFFF0C760000000C48000000110E0673706C696E650D07737572666163650CFFFFFFFF04FFFFFFFF0CFFFFFFFF0B0F0D0D65786163745F73706C5F73757204A451000015000000000D056E75726273040100000004
310
020000000D04626F746815000000001500000000150000000015000000000402000000040300000006000000000000000004010000000600000000000022400401000000060000000000000000040200000006182D4454FB21F93F040200000006182D4454FB21094004020000000600000000000023400600000000004068
310
400600000000000032C006000000000000F03F0600000000000023400600000000004068400600000000000022C006000000000000F03F06FFFFFFFFFFFF1B400600000000004068400600000000000032C006CD3B7F669EA0E63F06FFFFFFFFFFFF1B400600000000004068400600000000000022C006CD3B7F669EA0E63F
310
060000000000001C40060000000000F067400600000000000032C006000000000000F03F060000000000001C40060000000000F067400600000000000022C006000000000000F03F06FFFFFFFFFFFF1B40060000000000A067400600000000000032C006CD3B7F669EA0E63F06FFFFFFFFFFFF1B40060000000000A0674006
310
00000000000022C006CD3B7F669EA0E63F060000000000002340060000000000A067400600000000000032C006000000000000F03F060000000000002340060000000000A067400600000000000022C006000000000000F03F0600000000000000000400000000040000000004000000000400000000040000000004000000
310
000B0A0600000000000000000A0600000000000022400A0600000000000000000A06182D4454FB2109401501000000100A0600000000000000000A0600000000000022400A0600000000000000000A06182D4454FB210940110D067063757276650CFFFFFFFF04FFFFFFFF0CFFFFFFFF04000000000B0F0D0B6578705F7061
310
725F6375720D046E7562730401000000150000000004020000000600000000000032C0040100000006000000000000000004010000000600000000005060C00600000000000022400600000000005060C00600000000000022C00600000000000000000D05706C616E65130000000000000000000000000060704000000000
310
000033C014000000000000F0BF00000000000000000000000000000000140000000000000000000000000000F0BF00000000000000000B0B0B0B0B10060000000000000000060000000000000000110D06636F656467650CFFFFFFFF04FFFFFFFF0CFFFFFFFF0C5A0000000C540000000C4D0000000C690000000B0C490000
310
0004000000000C7C000000110D04656467650CFFFFFFFF04FFFFFFFF0CFFFFFFFF0C570000000600000000000000000C6B0000000600000000001079400C4D0000000C7D0000000B0707756E6B6E6F776E110D067063757276650CFFFFFFFF04FFFFFFFF0CFFFFFFFF04000000000B0F0D0B6578705F7061725F6375720D04
310
6E7562730401000000150000000004020000000600000000001079C0040100000006000000000000000004010000000600000000001069400600000000000022400600000000001069C00600000000000022400600000000000000000D05706C616E65130000000000207940000000000050704000000000000033C0140000
310
000000000000000000000000F03F000000000000000014000000000000F0BF000000000000000000000000000000000B0B0B0B0B10060000000000000000060000000000000000110D067665727465780CFFFFFFFF04FFFFFFFF0CFFFFFFFF0C6900000004020000000C7E000000110E08696E7463757276650D0563757276
310
650CFFFFFFFF04FFFFFFFF0CFFFFFFFF0B0F0D0D65786163745F696E745F63757204A451000015000000000D046E7562730401000000150000000004020000000600000000000000000401000000060000000000003240040100000006000000000000000006FFFFFFFFFF4F70400600000000000032C00600000000000000
310
0006FFFFFFFFFF4F704006000000000000D0BC0600000000000000000D0C6E756C6C5F737572666163650D0C6E756C6C5F737572666163650D066E756C6C62730D066E756C6C62730B0B04000000000400000000040000000004000000000A0600000000000000000A06000000000000324015000000001500000000100A06
310
00000000000000000A060000000000003240110D05706F696E740CFFFFFFFF04FFFFFFFF0CFFFFFFFF130000000000000000FFFFFFFFFF4F704000000000000032C0110D067063757276650CFFFFFFFF04FFFFFFFF0CFFFFFFFF04000000000B0F0D0B6578705F7061725F6375720D046E7562730401000000150000000004
310
02000000060000000000000000040100000006000000000050704004010000000600000000001069400600000000005060C00600000000001069400600000000005060400600000000000000000D05706C616E6513000000000000F0BF000000000000F0BF0000000000000000140000000000000000000000000000000000
310
0000000000F03F14000000000000F03F000000000000000000000000000000000B0B0B0B0B10060000000000000000060000000000000000110E08696E7463757276650D0563757276650CFFFFFFFF04FFFFFFFF0CFFFFFFFF0B0F0D0D65786163745F696E745F63757204A451000015000000000D046E7562730401000000
310
1500000000040200000006000000000000000004010000000600000000005070400401000000060000000000107940060000000000800DBD06000000000000000006000000000010794006FFFFFFFFFF4F70400600000000000000000600000000000000000D0C6E756C6C5F737572666163650D0C6E756C6C5F7375726661
310
63650D066E756C6C62730D066E756C6C62730B0B04000000000400000000040000000004000000000A0600000000000000000A06000000000050704015000000001500000000100A0600000000000000000A060000000000507040110D05706F696E740CFFFFFFFF04FFFFFFFF0CFFFFFFFF130000000000107940FFFFFFFF
310
FF4F70400000000000000000110D067063757276650CFFFFFFFF04FFFFFFFF0CFFFFFFFF04000000000B0F0D0B6578705F7061725F6375720D046E756273040100000015000000000402000000060000000000000000040100000006000000000050704004010000000600000000001069C006000000000050604006000000
310
00001069C00600000000005060C00600000000000000000D05706C616E6513000000000000F0BF000000000000F0BF00000000000000001400000000000000000000000000000000000000000000F03F14000000000000F03F000000000000000000000000000000000B0B0B0B0B1006000000000000000006000000000000
310
0000110E08696E7463757276650D0563757276650CFFFFFFFF04FFFFFFFF0CFFFFFFFF0B0F0D0D65786163745F696E745F63757204A451000015000000000D046E7562730401000000150000000004020000000600000000000000000401000000060000000000507040040100000006000000000000000006FFFFFFFFFF4F
310
7040060000000000000000060000000000000000060000000000800DBD0600000000000000000600000000000000000D0C6E756C6C5F737572666163650D0C6E756C6C5F737572666163650D066E756C6C62730D066E756C6C62730B0B04000000000400000000040000000004000000000A0600000000000000000A060000
310
00000050704015000000001500000000100A0600000000000000000A060000000000507040110D046C6F6F700CFFFFFFFF04FFFFFFFF0CFFFFFFFF0C7F0000000C800000000C16000000110D06636F656467650CFFFFFFFF04FFFFFFFF0CFFFFFFFF0C810000000C810000000C820000000C830000000B0C62000000040000
310
00000C84000000110D06636F656467650CFFFFFFFF04FFFFFFFF0CFFFFFFFF0C630000000C630000000C850000000C860000000B0C4500000004000000000C87000000110D06636F656467650CFFFFFFFF04FFFFFFFF0CFFFFFFFF0C880000000C890000000C630000000C770000000A0C6500000004000000000C8A000000
310
110D04656467650CFFFFFFFF04FFFFFFFF0CFFFFFFFF0C8B0000000600000000000000000C8C00000006182D4454FB2109400C760000000C8D0000000B0707756E6B6E6F776E110D067063757276650CFFFFFFFF04FFFFFFFF0CFFFFFFFF04000000000B0F0D0B6578705F7061725F6375720D056E75726273040200000015
310
000000000403000000060000000000000000040200000006182D4454FB21F93F040200000006182D4454FB2109400402000000060000000000C04F40060000000000E067C006000000000000F03F060400000000C04F4006FFFFFFFFFF2F68C006CD3B7F669EA0E63F060000000000804E400600000000003068C006000000
310
000000F03F060400000000404D4006FFFFFFFFFF2F68C006CD3B7F669EA0E63F060000000000404D40060000000000E067C006000000000000F03F0600000000000000000D05706C616E6513000000000000F0BF000000000000F0BF00000000000032C01400000000000000000000000000000000000000000000F0BF1400
310
00000000000000000000000000F03F00000000000000000B0B0B0B0B10060000000000000000060000000000000000110D04666163650CFFFFFFFF04FFFFFFFF0CFFFFFFFF0C8E0000000C8F0000000C040000000CFFFFFFFF0C900000000B0B110D046C6F6F700CFFFFFFFF04FFFFFFFF0CFFFFFFFF0CFFFFFFFF0C910000
310
000C64000000110E05706C616E650D07737572666163650CFFFFFFFF04FFFFFFFF0CFFFFFFFF13CCCCCCCCCCCC174066666666667E674000000000000022C01400000000000000000000000000000000000000000000F0BF140000000000000000000000000000F03F00000000000000000B0B0B0B0B110D06706375727665
310
0CFFFFFFFF04FFFFFFFF0CFFFFFFFF04000000000B0F0D0B6578705F7061725F6375720D046E756273040100000015000000000402000000060000000000000000040100000006000000000010794004010000000600000000001069400600000000005060400600000000001069C006000000000050604006000000000000
310
00000D05706C616E6513000000000000F0BF000000000000F0BF00000000000000001400000000000000000000000000000000000000000000F03F14000000000000F03F000000000000000000000000000000000B0B0B0B0B10060000000000000000060000000000000000110E08696E7463757276650D0563757276650C
310
FFFFFFFF04FFFFFFFF0CFFFFFFFF0B0F0D0D65786163745F696E745F63757204A451000015000000000D046E7562730401000000150000000004020000000600000000000000000401000000060000000000107940040100000006000000000010794006FFFFFFFFFF4F704006000000000000000006000000000000143D06
310
FFFFFFFFFF4F70400600000000000000000600000000000000000D0C6E756C6C5F737572666163650D0C6E756C6C5F737572666163650D066E756C6C62730D066E756C6C62730B0B04000000000400000000040000000004000000000A0600000000000000000A06000000000010794015000000001500000000100A060000
310
0000000000000A060000000000107940110D05706F696E740CFFFFFFFF04FFFFFFFF0CFFFFFFFF13000000000000143DFFFFFFFFFF4F70400000000000000000110D046C6F6F700CFFFFFFFF04FFFFFFFF0CFFFFFFFF0C920000000C930000000C16000000110D06636F656467650CFFFFFFFF04FFFFFFFF0CFFFFFFFF0C94
310
0000000C940000000C950000000C960000000A0C7300000004000000000C97000000110D06636F656467650CFFFFFFFF04FFFFFFFF0CFFFFFFFF0C740000000C740000000C980000000C990000000B0C6200000004000000000C9A000000110D06636F656467650CFFFFFFFF04FFFFFFFF0CFFFFFFFF0C9B0000000C9C0000
310
000C740000000C830000000A0C8F00000004000000000C9D000000110D04656467650CFFFFFFFF04FFFFFFFF0CFFFFFFFF0C9E0000000600000000000000000C9F00000006182D4454FB2109400C820000000CA00000000B0707756E6B6E6F776E110D067063757276650CFFFFFFFF04FFFFFFFF0CFFFFFFFF04000000000B
310
0F0D0B6578705F7061725F6375720D056E75726273040200000015000000000403000000060000000000000000040200000006182D4454FB21F93F040200000006182D4454FB21094004020000000600000000006053C0060000000000E067C006000000000000F03F0600000000006053C006FFFFFFFFFF2F68C006CD3B7F
310
669EA0E63F0600000000000054C00600000000003068C006000000000000F03F060000000000A054C006FFFFFFFFFF2F68C006CD3B7F669EA0E63F060000000000A054C0060000000000E067C006000000000000F03F0600000000000000000D05706C616E6513000000000000F0BF000000000000F0BF00000000000032C0
310
1400000000000000000000000000000000000000000000F0BF140000000000000000000000000000F03F00000000000000000B0B0B0B0B10060000000000000000060000000000000000110D06636F656467650CFFFFFFFF04FFFFFFFF0CFFFFFFFF0CA10000000CA20000000C750000000C860000000A0CA3000000040000
310
00000CA4000000110D04656467650CFFFFFFFF04FFFFFFFF0CFFFFFFFF0C8C00000006182D4454FB2109400C8B00000006182D4454FB2119400C850000000CA50000000B0707756E6B6E6F776E110D067063757276650CFFFFFFFF04FFFFFFFF0CFFFFFFFF04000000000B0F0D0B6578705F7061725F6375720D056E757262
310
7304020000001500000000040300000006182D4454FB210940040200000006D221337F7CD91240040200000006182D4454FB2119400402000000060000000000404D40060000000000E067C006000000000000F03F06FEFFFFFFFF3F4D4006FFFFFFFFFF8F67C006CD3B7F669EA0E63F060000000000804E40060000000000
310
9067C006000000000000F03F06FEFFFFFFFFBF4F4006FFFFFFFFFF8F67C006CD3B7F669EA0E63F060000000000C04F40060000000000E067C006000000000000F03F0600000000000000000D05706C616E6513000000000000F0BF000000000000F0BF00000000000032C01400000000000000000000000000000000000000
310
000000F0BF140000000000000000000000000000F03F00000000000000000B0B0B0B0B10060000000000000000060000000000000000110D06636F656467650CFFFFFFFF04FFFFFFFF0CFFFFFFFF0CA60000000C760000000CA20000000CA70000000B0C6500000004000000000CA8000000110D06636F656467650CFFFFFF
310
FF04FFFFFFFF0CFFFFFFFF0C760000000CA60000000CA10000000CA90000000A0C6500000004000000000CAA000000110D067063757276650CFFFFFFFF04FFFFFFFF0CFFFFFFFF04000000000B0F0D0B6578705F7061725F6375720D046E75627304010000001500000000040200000006182D4454FB2109C0040100000006
310
0000000000000000040100000006000000000000000006182D4454FB2109400600000000000000000600000000000000000600000000000000000D0673706C696E650B0F0D03726566041B000000100A0600000000000000000A0600000000000022400A0600000000000000000A06182D4454FB2109401006000000000000
310
0000060000000000000000110D067665727465780CFFFFFFFF04FFFFFFFF0CFFFFFFFF0C7700000004020000000CAB000000110D067665727465780CFFFFFFFF04FFFFFFFF0CFFFFFFFF0CA900000004020000000CAC000000110E08696E7463757276650D0563757276650CFFFFFFFF04FFFFFFFF0CFFFFFFFF0B0F0D0D65
310
786163745F696E745F63757204A451000015000000000D056E75726273040200000015000000000403000000060000000000000000040200000006182D4454FB21F93F040200000006182D4454FB21094004020000000600000000000023400600000000004068400600000000000032C006000000000000F03F06FFFFFFFF
310
FFFF1B400600000000004068400600000000000032C006CD3B7F669EA0E63F060000000000001C40060000000000F067400600000000000032C006000000000000F03F06FFFFFFFFFFFF1B40060000000000A067400600000000000032C006CD3B7F669EA0E63F060000000000002340060000000000A06740060000000000
310
0032C006000000000000F03F0600000000000000000D0C6E756C6C5F737572666163650D0C6E756C6C5F737572666163650D066E756C6C62730D066E756C6C62730B0B04000000000400000000040000000004000000000A0600000000000000000A06182D4454FB21094015000000001500000000100A0600000000000000
310
000A06182D4454FB210940110D04666163650CFFFFFFFF04FFFFFFFF0CFFFFFFFF0CAD0000000CAE0000000C040000000CFFFFFFFF0CAF0000000B0B110D046C6F6F700CFFFFFFFF04FFFFFFFF0CFFFFFFFF0CFFFFFFFF0C820000000C79000000110E0673706C696E650D07737572666163650CFFFFFFFF04FFFFFFFF0CFF
310
FFFFFF0B0F0D0D65786163745F73706C5F73757204A451000015000000000D056E75726273040100000004020000000D04626F74681500000000150000000015000000001500000000040200000004030000000600000000000000000401000000060000000000002240040100000006000000000000000004020000000618
310
2D4454FB21F93F040200000006182D4454FB2109400402000000060000000000002340060000000000804A400600000000000032C006000000000000F03F060000000000002340060000000000804A400600000000000022C006000000000000F03F06FFFFFFFFFFFF1B40060000000000804A400600000000000032C006CD
310
3B7F669EA0E63F06FFFFFFFFFFFF1B40060000000000804A400600000000000022C006CD3B7F669EA0E63F060000000000001C400600000000004049400600000000000032C006000000000000F03F060000000000001C400600000000004049400600000000000022C006000000000000F03F06FFFFFFFFFFFF1B40060000
310
0000000048400600000000000032C006CD3B7F669EA0E63F06FFFFFFFFFFFF1B400600000000000048400600000000000022C006CD3B7F669EA0E63F0600000000000023400600000000000048400600000000000032C006000000000000F03F0600000000000023400600000000000048400600000000000022C006000000
310
000000F03F0600000000000000000400000000040000000004000000000400000000040000000004000000000B0A0600000000000000000A0600000000000022400A0600000000000000000A06182D4454FB2109401501000000100A0600000000000000000A0600000000000022400A0600000000000000000A06182D4454
310
FB210940110D06636F656467650CFFFFFFFF04FFFFFFFF0CFFFFFFFF0CB00000000CB00000000CB10000000CB20000000B0C7A00000004000000000CB3000000110D046C6F6F700CFFFFFFFF04FFFFFFFF0CFFFFFFFF0CB40000000CB50000000C16000000110D06636F656467650CFFFFFFFF04FFFFFFFF0CFFFFFFFF0CB6
310
0000000CB60000000CB70000000CB80000000A0C7F00000004000000000CB9000000110D06636F656467650CFFFFFFFF04FFFFFFFF0CFFFFFFFF0C800000000C800000000CBA0000000CBB0000000A0C7300000004000000000CBC000000110D06636F656467650CFFFFFFFF04FFFFFFFF0CFFFFFFFF0CBD0000000CBE0000
310
000C800000000C960000000B0CBF00000004000000000CC0000000110D04656467650CFFFFFFFF04FFFFFFFF0CFFFFFFFF0CC100000006182D4454FB2129400CC200000006182D4454FB2139400C950000000CC30000000B0707756E6B6E6F776E110D067063757276650CFFFFFFFF04FFFFFFFF0CFFFFFFFF04000000000B
310
0F0D0B6578705F7061725F6375720D056E7572627304020000001500000000040300000006182D4454FB2139C0040200000006D221337F7CD932C0040200000006182D4454FB2129C004020000000600000000004057400600000000006068C006000000000000F03F06FFFFFFFFFF3F56400600000000006068C006CD3B7F
310
669EA0E63F060000000000405640060000000000E067C006000000000000F03F06FFFFFFFFFF3F56400600000000006067C006CD3B7F669EA0E63F0600000000004057400600000000006067C006000000000000F03F0600000000000000000D05706C616E6513000000000000F0BF000000000000F0BF00000000000032C0
310
1400000000000000000000000000000000000000000000F0BF140000000000000000000000000000F03F00000000000000000B0B0B0B0B10060000000000000000060000000000000000110D06636F656467650CFFFFFFFF04FFFFFFFF0CFFFFFFFF0CC40000000CC50000000C810000000C990000000A0CC6000000040000
310
00000CC7000000110D04656467650CFFFFFFFF04FFFFFFFF0CFFFFFFFF0C9F00000006182D4454FB2109400C9E00000006182D4454FB2119400C980000000CC80000000B0707756E6B6E6F776E110D067063757276650CFFFFFFFF04FFFFFFFF0CFFFFFFFF04000000000B0F0D0B6578705F7061725F6375720D056E757262
310
7304020000001500000000040300000006182D4454FB210940040200000006D221337F7CD91240040200000006182D4454FB2119400402000000060000000000A054C0060000000000E067C006000000000000F03F060000000000A054C006FFFFFFFFFF8F67C006CD3B7F669EA0E63F0600000000000054C0060000000000
310
9067C006000000000000F03F0600000000006053C006FFFFFFFFFF8F67C006CD3B7F669EA0E63F0600000000006053C0060000000000E067C006000000000000F03F0600000000000000000D05706C616E6513000000000000F0BF000000000000F0BF00000000000032C01400000000000000000000000000000000000000
310
000000F0BF140000000000000000000000000000F03F00000000000000000B0B0B0B0B10060000000000000000060000000000000000110D06636F656467650CFFFFFFFF04FFFFFFFF0CFFFFFFFF0CC90000000C820000000CC50000000CCA0000000B0C8F00000004000000000CCB000000110D06636F656467650CFFFFFF
310
FF04FFFFFFFF0CFFFFFFFF0C820000000CC90000000CC40000000CCC0000000A0C8F00000004000000000CCD000000110D067063757276650CFFFFFFFF04FFFFFFFF0CFFFFFFFF04000000000B0F0D0B6578705F7061725F6375720D046E75627304010000001500000000040200000006182D4454FB2109C0040100000006
310
0000000000000000040100000006000000000000000006182D4454FB2109400600000000000000000600000000000000000600000000000000000D0673706C696E650B0F0D03726566042A000000100A0600000000000000000A0600000000000022400A0600000000000000000A06182D4454FB2109401006000000000000
310
0000060000000000000000110D067665727465780CFFFFFFFF04FFFFFFFF0CFFFFFFFF0C8300000004020000000CCE000000110D067665727465780CFFFFFFFF04FFFFFFFF0CFFFFFFFF0CCC00000004020000000CCF000000110E08696E7463757276650D0563757276650CFFFFFFFF04FFFFFFFF0CFFFFFFFF0B0F0D0D65
310
786163745F696E745F63757204A451000015000000000D056E75726273040200000015000000000403000000060000000000000000040200000006182D4454FB21F93F040200000006182D4454FB2109400402000000060000000000002340060000000000804A400600000000000032C006000000000000F03F06FFFFFFFF
310
FFFF1B40060000000000804A400600000000000032C006CD3B7F669EA0E63F060000000000001C400600000000004049400600000000000032C006000000000000F03F06FFFFFFFFFFFF1B400600000000000048400600000000000032C006CD3B7F669EA0E63F060000000000002340060000000000004840060000000000
310
0032C006000000000000F03F0600000000000000000D0C6E756C6C5F737572666163650D0C6E756C6C5F737572666163650D066E756C6C62730D066E756C6C62730B0B04000000000400000000040000000004000000000A0600000000000000000A06182D4454FB21094015000000001500000000100A0600000000000000
310
000A06182D4454FB210940110D06636F656467650CFFFFFFFF04FFFFFFFF0CFFFFFFFF0CB10000000C850000000C890000000CA90000000B0CA300000004000000000CD0000000110D06636F656467650CFFFFFFFF04FFFFFFFF0CFFFFFFFF0C850000000CB10000000C880000000CA70000000A0CA300000004000000000C
310
D1000000110D046C6F6F700CFFFFFFFF04FFFFFFFF0CFFFFFFFF0CFFFFFFFF0CA10000000CD2000000110D067063757276650CFFFFFFFF04FFFFFFFF0CFFFFFFFF04000000000B0F0D0B6578705F7061725F6375720D046E75627304010000001500000000040200000006182D4454FB2119C0040100000006182D4454FB21
310
09C0040100000006000000000000000006182D4454FB21194006000000000000000006182D4454FB2109400600000000000000000D0673706C696E650B0F0D0D65786163745F73706C5F73757204A451000015000000000D056E75726273040100000004020000000D04626F74681500000000150000000015000000001500
310
000000040200000004030000000600000000000000000401000000060000000000002240040100000006182D4454FB210940040200000006D221337F7CD91240040200000006182D4454FB2119400402000000060000000000002340060000000000A067400600000000000032C006000000000000F03F0600000000000023
310
40060000000000A067400600000000000022C006000000000000F03F060000000000002840060000000000A067400600000000000032C006CD3B7F669EA0E63F060000000000002840060000000000A067400600000000000022C006CD3B7F669EA0E63F060000000000002840060000000000F067400600000000000032C0
310
06000000000000F03F060000000000002840060000000000F067400600000000000022C006000000000000F03F0600000000000028400600000000004068400600000000000032C006CD3B7F669EA0E63F0600000000000028400600000000004068400600000000000022C006CD3B7F669EA0E63F06000000000000234006
310
00000000004068400600000000000032C006000000000000F03F0600000000000023400600000000004068400600000000000022C006000000000000F03F0600000000000000000400000000040000000004000000000400000000040000000004000000000B0A0600000000000000000A0600000000000022400A06182D44
310
54FB2109400A06182D4454FB2119401501000000100A0600000000000000000A0600000000000022400A06182D4454FB2109400A06182D4454FB21194010060000000000000000060000000000000000110E08696E7463757276650D0563757276650CFFFFFFFF04FFFFFFFF0CFFFFFFFF0B0F0D0D65786163745F696E745F
310
63757204A451000015000000000D056E7572627304020000001500000000040300000006182D4454FB210940040200000006D221337F7CD91240040200000006182D4454FB2119400402000000060000000000002340060000000000A067400600000000000032C006000000000000F03F0600000000000028400600000000
310
00A067400600000000000032C006CD3B7F669EA0E63F060000000000002840060000000000F067400600000000000032C006000000000000F03F0600000000000028400600000000004068400600000000000032C006CD3B7F669EA0E63F0600000000000023400600000000004068400600000000000032C0060000000000
310
00F03F0600000000000000000D0C6E756C6C5F737572666163650D0C6E756C6C5F737572666163650D066E756C6C62730D066E756C6C62730B0B04000000000400000000040000000004000000000A06182D4454FB2109400A06182D4454FB21194015000000001500000000100A06182D4454FB2109400A06182D4454FB21
310
1940110D06636F656467650CFFFFFFFF04FFFFFFFF0CFFFFFFFF0C890000000C880000000CB00000000CD30000000A0C6500000004000000000CD4000000110D04656467650CFFFFFFFF04FFFFFFFF0CFFFFFFFF0C8B0000000600000000000000000CD50000000600000000000022400CA20000000CD60000000B0707756E
310
6B6E6F776E110D067063757276650CFFFFFFFF04FFFFFFFF0CFFFFFFFF04000000000B0F0D0B6578705F7061725F6375720D046E756273040100000015000000000402000000060000000000000000040100000006000000000000224004010000000600000000000000000600000000000000000600000000000022400600
310
000000000000000600000000000000000D0673706C696E650B0F0D03726566041B000000100A0600000000000000000A0600000000000022400A0600000000000000000A06182D4454FB21094010060000000000000000060000000000000000110D04656467650CFFFFFFFF04FFFFFFFF0CFFFFFFFF0C8C00000006000000
310
00000000000CD70000000600000000000022400C890000000CD80000000B0707756E6B6E6F776E110D067063757276650CFFFFFFFF04FFFFFFFF0CFFFFFFFF04000000000B0F0D0B6578705F7061725F6375720D046E7562730401000000150000000004020000000600000000000022C00401000000060000000000000000
310
040100000006000000000000224006182D4454FB21094006000000000000000006182D4454FB2109400600000000000000000D0673706C696E650B0F0D03726566041B000000100A0600000000000000000A0600000000000022400A0600000000000000000A06182D4454FB21094010060000000000000000060000000000
310
000000110D05706F696E740CFFFFFFFF04FFFFFFFF0CFFFFFFFF130000000000002340000000000040684000000000000032C0110D05706F696E740CFFFFFFFF04FFFFFFFF0CFFFFFFFF1300000000000023400000000000A0674000000000000032C0110D04666163650CFFFFFFFF04FFFFFFFF0CFFFFFFFF0CD90000000C
310
BF0000000C040000000CFFFFFFFF0CDA0000000B0B110D046C6F6F700CFFFFFFFF04FFFFFFFF0CFFFFFFFF0CFFFFFFFF0CDB0000000C8E000000110E05706C616E650D07737572666163650CFFFFFFFF04FFFFFFFF0CFFFFFFFF13CCCCCCCCCCCC17409A9999999979474000000000000022C0140000000000000000000000
310
0000000000000000000000F0BF140000000000000000000000000000F03F00000000000000000B0B0B0B0B110D06636F656467650CFFFFFFFF04FFFFFFFF0CFFFFFFFF0C910000000C910000000CA60000000CD30000000B0C7A00000004000000000CDC000000110D06636F656467650CFFFFFFFF04FFFFFFFF0CFFFFFFFF
310
0CA20000000CA10000000C910000000CB20000000A0CA300000004000000000CDD000000110D04656467650CFFFFFFFF04FFFFFFFF0CFFFFFFFF0CD500000006182D4454FB2119C00CD700000006182D4454FB2109C00CB10000000CDE0000000B0707756E6B6E6F776E110D067063757276650CFFFFFFFF04FFFFFFFF0CFF
310
FFFFFF04000000000B0F0D0B6578705F7061725F6375720D056E7572627304020000001500000000040300000006182D4454FB2119C0040200000006D221337F7CD912C0040200000006182D4454FB2109C0040200000006000000000000044006000000000000000006000000000000F03F06D3FFFFFFFFFF034006030000
310
000000044006CD3B7F669EA0E63F06000000000000000006000000000000044006000000000000F03F062D000000000004C006030000000000044006CD3B7F669EA0E63F0600000000000004C006000000000000000006000000000000F03F0600000000000000000D05706C616E6513CCCCCCCCCCCC174066666666667E67
310
4000000000000022C01400000000000000000000000000000000000000000000F0BF140000000000000000000000000000F03F00000000000000000B0B0B0B0B10060000000000000000060000000000000000110D046C6F6F700CFFFFFFFF04FFFFFFFF0CFFFFFFFF0CDF0000000CE00000000C16000000110D06636F6564
310
67650CFFFFFFFF04FFFFFFFF0CFFFFFFFF0CE10000000CE10000000CE20000000CE30000000B0C9200000004000000000CE4000000110D06636F656467650CFFFFFFFF04FFFFFFFF0CFFFFFFFF0C930000000C930000000CE50000000CE60000000A0C7F00000004000000000CE7000000110D06636F656467650CFFFFFFFF
310
04FFFFFFFF0CFFFFFFFF0CE80000000CE90000000C930000000CB80000000B0CEA00000004000000000CEB000000110D04656467650CFFFFFFFF04FFFFFFFF0CFFFFFFFF0CEC00000006182D4454FB2129400CED00000006182D4454FB2139400CB70000000CEE0000000B0707756E6B6E6F776E110D067063757276650CFF
310
FFFFFF04FFFFFFFF0CFFFFFFFF04000000000B0F0D0B6578705F7061725F6375720D056E7572627304020000001500000000040300000006182D4454FB2139C0040200000006D221337F7CD932C0040200000006182D4454FB2129C004020000000600000000000048C00600000000006068C006000000000000F03F060200
310
000000004AC00600000000006068C006CD3B7F669EA0E63F060000000000004AC0060000000000E067C006000000000000F03F060200000000004AC00600000000006067C006CD3B7F669EA0E63F0600000000000048C00600000000006067C006000000000000F03F0600000000000000000D05706C616E65130000000000
310
00F0BF000000000000F0BF00000000000032C01400000000000000000000000000000000000000000000F0BF140000000000000000000000000000F03F00000000000000000B0B0B0B0B10060000000000000000060000000000000000110D06636F656467650CFFFFFFFF04FFFFFFFF0CFFFFFFFF0CEF0000000CF0000000
310
0C940000000CBB0000000B0CF100000004000000000CF2000000110D04656467650CFFFFFFFF04FFFFFFFF0CFFFFFFFF0CC20000000600000000000000000CC100000006182D4454FB2129400CBA0000000CF30000000B0707756E6B6E6F776E110D067063757276650CFFFFFFFF04FFFFFFFF0CFFFFFFFF04000000000B0F
310
0D0B6578705F7061725F6375720D056E7572627304020000001500000000040300000006182D4454FB2129C0040200000006182D4454FB2119C0040200000006000000000000000004020000000600000000004057400600000000006067C006000000000000F03F06FEFFFFFFFF3F58400600000000006067C006CD3B7F66
310
9EA0E63F060000000000405840060000000000E067C006000000000000F03F06FEFFFFFFFF3F58400600000000006068C006CD3B7F669EA0E63F0600000000004057400600000000006068C006000000000000F03F0600000000000000000D05706C616E6513000000000000F0BF000000000000F0BF00000000000032C014
310
00000000000000000000000000000000000000000000F0BF140000000000000000000000000000F03F00000000000000000B0B0B0B0B10060000000000000000060000000000000000110D06636F656467650CFFFFFFFF04FFFFFFFF0CFFFFFFFF0CF40000000C950000000CF00000000CF50000000A0CBF00000004000000
310
000CF6000000110D06636F656467650CFFFFFFFF04FFFFFFFF0CFFFFFFFF0C950000000CF40000000CEF0000000CF70000000B0CBF00000004000000000CF8000000110D046C6F6F700CFFFFFFFF04FFFFFFFF0CFFFFFFFF0CFFFFFFFF0CBE0000000CAD000000110D067063757276650CFFFFFFFF04FFFFFFFF0CFFFFFFFF
310
04000000000B0F0D0B6578705F7061725F6375720D046E75627304010000001500000000040200000006182D4454FB212940040100000006182D4454FB2139400401000000060000000000002C4006182D4454FB212940060000000000002C4006182D4454FB2139400600000000000000000D0673706C696E650B0F0D0D65
310
786163745F73706C5F73757204A451000015000000000D056E75726273040100000004020000000D04626F74681500000000150000000015000000001500000000040200000004030000000600000000000000000401000000060000000000002C40040100000006182D4454FB212940040200000006D221337F7CD9324004
310
0200000006182D4454FB2139400402000000060000000000002B40060000000000F06B400600000000000010C006000000000000F03F060000000000002B40060000000000F06B400600000000000032C006000000000000F03F06F9FFFFFFFFFF2A40060000000000706B400624000000000010C006CD3B7F669EA0E63F06
310
F9FFFFFFFFFF2A40060000000000706B400601000000000032C006CD3B7F669EA0E63F060000000000002340060000000000706B400600000000000010C006000000000000F03F060000000000002340060000000000706B400600000000000032C006000000000000F03F060400000000001640060000000000706B400624
310
000000000010C006CD3B7F669EA0E63F060400000000001640060000000000706B400601000000000032C006CD3B7F669EA0E63F060000000000001640060000000000F06B400600000000000010C006000000000000F03F060000000000001640060000000000F06B400600000000000032C006000000000000F03F060000
310
0000000000000400000000040000000004000000000400000000040000000004000000000B0A0600000000000000000A060000000000002C400A06182D4454FB2129400A06182D4454FB2139401501000000100A0600000000000000000A060000000000002C400A06182D4454FB2129400A06182D4454FB21394010060000
310
000000000000060000000000000000110D067665727465780CFFFFFFFF04FFFFFFFF0CFFFFFFFF0CF700000004020000000CF9000000110D067665727465780CFFFFFFFF04FFFFFFFF0CFFFFFFFF0CBB00000004020000000CFA000000110E08696E7463757276650D0563757276650CFFFFFFFF04FFFFFFFF0CFFFFFFFF0B
310
0F0D0D65786163745F696E745F63757204A451000015000000000D056E7572627304020000001500000000040300000006182D4454FB212940040200000006D221337F7CD93240040200000006182D4454FB2139400402000000060000000000002B40060000000000F06B400600000000000032C006000000000000F03F06
310
F9FFFFFFFFFF2A40060000000000706B400601000000000032C006CD3B7F669EA0E63F060000000000002340060000000000706B400600000000000032C006000000000000F03F060400000000001640060000000000706B400601000000000032C006CD3B7F669EA0E63F060000000000001640060000000000F06B400600
310
000000000032C006000000000000F03F0600000000000000000D0C6E756C6C5F737572666163650D0C6E756C6C5F737572666163650D066E756C6C62730D066E756C6C62730B0B04000000000400000000040000000004000000000A06182D4454FB2129400A06182D4454FB21394015000000001500000000100A06182D44
310
54FB2129400A06182D4454FB213940110D06636F656467650CFFFFFFFF04FFFFFFFF0CFFFFFFFF0CFB0000000C980000000C9C0000000CCC0000000B0CC600000004000000000CFC000000110D06636F656467650CFFFFFFFF04FFFFFFFF0CFFFFFFFF0C980000000CFB0000000C9B0000000CCA0000000A0CC60000000400
310
0000000CFD000000110D046C6F6F700CFFFFFFFF04FFFFFFFF0CFFFFFFFF0CFFFFFFFF0CC40000000CFE000000110D067063757276650CFFFFFFFF04FFFFFFFF0CFFFFFFFF04000000000B0F0D0B6578705F7061725F6375720D046E75627304010000001500000000040200000006182D4454FB2119C0040100000006182D
310
4454FB2109C0040100000006000000000000000006182D4454FB21194006000000000000000006182D4454FB2109400600000000000000000D0673706C696E650B0F0D0D65786163745F73706C5F73757204A451000015000000000D056E75726273040100000004020000000D04626F746815000000001500000000150000
310
00001500000000040200000004030000000600000000000000000401000000060000000000002240040100000006182D4454FB210940040200000006D221337F7CD91240040200000006182D4454FB21194004020000000600000000000023400600000000000048400600000000000032C006000000000000F03F06000000
310
00000023400600000000000048400600000000000022C006000000000000F03F0600000000000028400600000000000048400600000000000032C006CD3B7F669EA0E63F0600000000000028400600000000000048400600000000000022C006CD3B7F669EA0E63F0600000000000028400600000000004049400600000000
310
000032C006000000000000F03F0600000000000028400600000000004049400600000000000022C006000000000000F03F060000000000002840060000000000804A400600000000000032C006CD3B7F669EA0E63F060000000000002840060000000000804A400600000000000022C006CD3B7F669EA0E63F060000000000
310
002340060000000000804A400600000000000032C006000000000000F03F060000000000002340060000000000804A400600000000000022C006000000000000F03F0600000000000000000400000000040000000004000000000400000000040000000004000000000B0A0600000000000000000A0600000000000022400A
310
06182D4454FB2109400A06182D4454FB2119401501000000100A0600000000000000000A0600000000000022400A06182D4454FB2109400A06182D4454FB21194010060000000000000000060000000000000000110E08696E7463757276650D0563757276650CFFFFFFFF04FFFFFFFF0CFFFFFFFF0B0F0D0D65786163745F
310
696E745F63757204A451000015000000000D056E7572627304020000001500000000040300000006182D4454FB210940040200000006D221337F7CD91240040200000006182D4454FB21194004020000000600000000000023400600000000000048400600000000000032C006000000000000F03F06000000000000284006
310
00000000000048400600000000000032C006CD3B7F669EA0E63F0600000000000028400600000000004049400600000000000032C006000000000000F03F060000000000002840060000000000804A400600000000000032C006CD3B7F669EA0E63F060000000000002340060000000000804A400600000000000032C00600
310
0000000000F03F0600000000000000000D0C6E756C6C5F737572666163650D0C6E756C6C5F737572666163650D066E756C6C62730D066E756C6C62730B0B04000000000400000000040000000004000000000A06182D4454FB2109400A06182D4454FB21194015000000001500000000100A06182D4454FB2109400A06182D
310
4454FB211940110D06636F656467650CFFFFFFFF04FFFFFFFF0CFFFFFFFF0C9C0000000C9B0000000CFF0000000C000100000A0C8F00000004000000000C01010000110D04656467650CFFFFFFFF04FFFFFFFF0CFFFFFFFF0C9E0000000600000000000000000C020100000600000000000022400CC50000000C030100000B
310
0707756E6B6E6F776E110D067063757276650CFFFFFFFF04FFFFFFFF0CFFFFFFFF04000000000B0F0D0B6578705F7061725F6375720D046E7562730401000000150000000004020000000600000000000000000401000000060000000000002240040100000006000000000000000006000000000000000006000000000000
310
22400600000000000000000600000000000000000D0673706C696E650B0F0D03726566042A000000100A0600000000000000000A0600000000000022400A0600000000000000000A06182D4454FB21094010060000000000000000060000000000000000110D04656467650CFFFFFFFF04FFFFFFFF0CFFFFFFFF0C9F000000
310
0600000000000000000C040100000600000000000022400C9C0000000C050100000B0707756E6B6E6F776E110D067063757276650CFFFFFFFF04FFFFFFFF0CFFFFFFFF04000000000B0F0D0B6578705F7061725F6375720D046E7562730401000000150000000004020000000600000000000022C004010000000600000000
310
00000000040100000006000000000000224006182D4454FB21094006000000000000000006182D4454FB2109400600000000000000000D0673706C696E650B0F0D03726566042A000000100A0600000000000000000A0600000000000022400A0600000000000000000A06182D4454FB210940100600000000000000000600
310
00000000000000110D05706F696E740CFFFFFFFF04FFFFFFFF0CFFFFFFFF1300000000000023400000000000804A4000000000000032C0110D05706F696E740CFFFFFFFF04FFFFFFFF0CFFFFFFFF130000000000002340000000000000484000000000000032C0110D067063757276650CFFFFFFFF04FFFFFFFF0CFFFFFFFF
310
04000000000B0F0D0B6578705F7061725F6375720D046E7562730401000000150000000004020000000600000000000000000401000000060000000000002240040100000006000000000000000006182D4454FB21094006000000000000224006182D4454FB2109400600000000000000000D0673706C696E650B0F0D0372
310
65660430000000100A0600000000000000000A0600000000000022400A06182D4454FB2109400A06182D4454FB21194010060000000000000000060000000000000000110D067063757276650CFFFFFFFF04FFFFFFFF0CFFFFFFFF04000000000B0F0D0B6578705F7061725F6375720D046E75627304010000001500000000
310
04020000000600000000000022C00401000000060000000000000000040100000006000000000000224006182D4454FB21194006000000000000000006182D4454FB2119400600000000000000000D0673706C696E650B0F0D037265660430000000100A0600000000000000000A0600000000000022400A06182D4454FB21
310
09400A06182D4454FB21194010060000000000000000060000000000000000110D04666163650CFFFFFFFF04FFFFFFFF0CFFFFFFFF0CFE0000000CA30000000C040000000CFFFFFFFF0C060100000B0B110D04656467650CFFFFFFFF04FFFFFFFF0CFFFFFFFF0CD700000006182D4454FB2109C00CD5000000060000000000
310
0000000CA60000000C070100000B0707756E6B6E6F776E110D067063757276650CFFFFFFFF04FFFFFFFF0CFFFFFFFF04000000000B0F0D0B6578705F7061725F6375720D046E756273040100000015000000000402000000060000000000000000040100000006182D4454FB21094004010000000600000000000022400600
310
0000000000000006000000000000224006182D4454FB2109400600000000000000000D0673706C696E650B0F0D03726566041B000000100A0600000000000000000A0600000000000022400A0600000000000000000A06182D4454FB21094010060000000000000000060000000000000000110D067665727465780CFFFFFF
310
FF04FFFFFFFF0CFFFFFFFF0CA700000004020000000C08010000110E08696E7463757276650D0563757276650CFFFFFFFF04FFFFFFFF0CFFFFFFFF0B0F0D0D65786163745F696E745F63757204A451000015000000000D056E7572627304010000001500000000040200000006000000000000000004010000000600000000
310
0000224004010000000600000000000023400600000000004068400600000000000032C006000000000000F03F0600000000000023400600000000004068400600000000000022C006000000000000F03F0600000000000000000D0C6E756C6C5F737572666163650D0C6E756C6C5F737572666163650D066E756C6C62730D
310
066E756C6C62730B0B04000000000400000000040000000004000000000A0600000000000000000A06000000000000224015000000001500000000100A0600000000000000000A060000000000002240110D067665727465780CFFFFFFFF04FFFFFFFF0CFFFFFFFF0CA900000004020000000C09010000110E08696E746375
310
7276650D0563757276650CFFFFFFFF04FFFFFFFF0CFFFFFFFF0B0F0D0D65786163745F696E745F63757204A451000015000000000D056E7572627304010000001500000000040200000006000000000000000004010000000600000000000022400401000000060000000000002340060000000000A0674006000000000000
310
32C006000000000000F03F060000000000002340060000000000A067400600000000000022C006000000000000F03F0600000000000000000D0C6E756C6C5F737572666163650D0C6E756C6C5F737572666163650D066E756C6C62730D066E756C6C62730B0B04000000000400000000040000000004000000000A06000000
310
00000000000A06000000000000224015000000001500000000100A0600000000000000000A060000000000002240110D04666163650CFFFFFFFF04FFFFFFFF0CFFFFFFFF0C0A0100000C0B0100000C040000000CFFFFFFFF0C0C0100000B0B110E0673706C696E650D07737572666163650CFFFFFFFF04FFFFFFFF0CFFFFFF
310
FF0B0F0D037265660438000000100A0600000000000000000A060000000000002C400A06182D4454FB2129400A06182D4454FB213940110D06636F656467650CFFFFFFFF04FFFFFFFF0CFFFFFFFF0CFF0000000CFF0000000CFB0000000C0D0100000B0CAE00000004000000000C0E010000110D067063757276650CFFFFFF
310
FF04FFFFFFFF0CFFFFFFFF04000000000B0F0D0B6578705F7061725F6375720D056E7572627304020000001500000000040300000006182D4454FB2109C0040200000006182D4454FB21F9BF040200000006000000000000000004020000000600000000000004C006000000000000000006000000000000F03F06D3FFFFFF
310
FFFF03C00600000000000004C006CD3B7F669EA0E63F0600000000000000000600000000000004C006000000000000F03F062D000000000004400600000000000004C006CD3B7F669EA0E63F06000000000000044006000000000000000006000000000000F03F0600000000000000000D05706C616E6513CCCCCCCCCCCC17
310
4066666666667E674000000000000022C01400000000000000000000000000000000000000000000F0BF140000000000000000000000000000F03F00000000000000000B0B0B0B0B10060000000000000000060000000000000000110D067063757276650CFFFFFFFF04FFFFFFFF0CFFFFFFFF04000000000B0F0D0B657870
310
5F7061725F6375720D046E75627304010000001500000000040200000006182D4454FB210940040100000006182D4454FB211940040100000006000000000000224006182D4454FB21094006000000000000224006182D4454FB2119400600000000000000000D0673706C696E650B0F0D037265660430000000100A060000
310
0000000000000A0600000000000022400A06182D4454FB2109400A06182D4454FB21194010060000000000000000060000000000000000110E08696E7463757276650D0563757276650CFFFFFFFF04FFFFFFFF0CFFFFFFFF0B0F0D0D65786163745F696E745F63757204A451000015000000000D056E757262730402000000
310
1500000000040300000006182D4454FB2119C0040200000006D221337F7CD912C0040200000006182D4454FB2109C004020000000600000000000023400600000000004068400600000000000022C006000000000000F03F0600000000000028400600000000004068400600000000000022C006CD3B7F669EA0E63F060000
310
000000002840060000000000F067400600000000000022C006000000000000F03F060000000000002840060000000000A067400600000000000022C006CD3B7F669EA0E63F060000000000002340060000000000A067400600000000000022C006000000000000F03F0600000000000000000D0C6E756C6C5F737572666163
310
650D0C6E756C6C5F737572666163650D066E756C6C62730D066E756C6C62730B0B04000000000400000000040000000004000000000A06182D4454FB2119C00A06182D4454FB2109C015000000001500000000100A06182D4454FB2119C00A06182D4454FB2109C0110D046C6F6F700CFFFFFFFF04FFFFFFFF0CFFFFFFFF0C
310
0F0100000C100100000C16000000110D06636F656467650CFFFFFFFF04FFFFFFFF0CFFFFFFFF0C110100000C110100000C120100000C130100000B0CB400000004000000000C14010000110D06636F656467650CFFFFFFFF04FFFFFFFF0CFFFFFFFF0CB50000000CB50000000C150100000C160100000B0C92000000040000
310
00000C17010000110D06636F656467650CFFFFFFFF04FFFFFFFF0CFFFFFFFF0C180100000C190100000CB50000000CE30000000A0C1A01000004000000000C1B010000110D04656467650CFFFFFFFF04FFFFFFFF0CFFFFFFFF0C1C0100000600000000000000000C1D01000006182D4454FB2109400CE20000000C1E010000
310
0B0707756E6B6E6F776E110D067063757276650CFFFFFFFF04FFFFFFFF0CFFFFFFFF04000000000B0F0D0B6578705F7061725F6375720D056E75726273040200000015000000000403000000060000000000000000040200000006182D4454FB21F93F040200000006182D4454FB2109400402000000060000000000404D40
310
060000000000E0674006000000000000F03F06FEFFFFFFFF3F4D4006010000000030684006CD3B7F669EA0E63F060000000000804E4006000000000030684006000000000000F03F06FEFFFFFFFFBF4F4006010000000030684006CD3B7F669EA0E63F060000000000C04F40060000000000E0674006000000000000F03F06
310
00000000000000000D05706C616E6513000000000000F0BF000000000000F0BF00000000000032C01400000000000000000000000000000000000000000000F0BF140000000000000000000000000000F03F00000000000000000B0B0B0B0B10060000000000000000060000000000000000110D06636F656467650CFFFFFF
310
FF04FFFFFFFF0CFFFFFFFF0C1F0100000C200100000CB60000000CE60000000B0C2101000004000000000C22010000110D04656467650CFFFFFFFF04FFFFFFFF0CFFFFFFFF0CED0000000600000000000000000CEC00000006182D4454FB2129400CE50000000C230100000B0707756E6B6E6F776E110D067063757276650C
310
FFFFFFFF04FFFFFFFF0CFFFFFFFF04000000000B0F0D0B6578705F7061725F6375720D056E7572627304020000001500000000040300000006182D4454FB2129C0040200000006182D4454FB2119C0040200000006000000000000000004020000000600000000000048C00600000000006067C006000000000000F03F0602
310
000000000046C00600000000006067C006CD3B7F669EA0E63F0600000000000046C0060000000000E067C006000000000000F03F0602000000000046C00600000000006068C006CD3B7F669EA0E63F0600000000000048C00600000000006068C006000000000000F03F0600000000000000000D05706C616E651300000000
310
0000F0BF000000000000F0BF00000000000032C01400000000000000000000000000000000000000000000F0BF140000000000000000000000000000F03F00000000000000000B0B0B0B0B10060000000000000000060000000000000000110D06636F656467650CFFFFFFFF04FFFFFFFF0CFFFFFFFF0C240100000CB70000
310
000C200100000C250100000A0CEA00000004000000000C26010000110D06636F656467650CFFFFFFFF04FFFFFFFF0CFFFFFFFF0CB70000000C240100000C1F0100000C270100000B0CEA00000004000000000C28010000110D046C6F6F700CFFFFFFFF04FFFFFFFF0CFFFFFFFF0CFFFFFFFF0CE90000000C0A010000110D06
310
7063757276650CFFFFFFFF04FFFFFFFF0CFFFFFFFF04000000000B0F0D0B6578705F7061725F6375720D046E75627304010000001500000000040200000006182D4454FB212940040100000006182D4454FB2139400401000000060000000000002C4006182D4454FB212940060000000000002C4006182D4454FB21394006
310
00000000000000000D0673706C696E650B0F0D0D65786163745F73706C5F73757204A451000015000000000D056E75726273040100000004020000000D04626F74681500000000150000000015000000001500000000040200000004030000000600000000000000000401000000060000000000002C40040100000006182D
310
4454FB212940040200000006D221337F7CD93240040200000006182D4454FB2139400402000000060000000000002B40060000000000A054400600000000000010C006000000000000F03F060000000000002B40060000000000A054400600000000000032C006000000000000F03F06F9FFFFFFFFFF2A4006FFFFFFFFFF9F
310
53400624000000000010C006CD3B7F669EA0E63F06F9FFFFFFFFFF2A4006FFFFFFFFFF9F53400601000000000032C006CD3B7F669EA0E63F060000000000002340060000000000A053400600000000000010C006000000000000F03F060000000000002340060000000000A053400600000000000032C006000000000000F0
310
3F06040000000000164006FFFFFFFFFF9F53400624000000000010C006CD3B7F669EA0E63F06040000000000164006FFFFFFFFFF9F53400601000000000032C006CD3B7F669EA0E63F060000000000001640060000000000A054400600000000000010C006000000000000F03F060000000000001640060000000000A05440
310
0600000000000032C006000000000000F03F0600000000000000000400000000040000000004000000000400000000040000000004000000000B0A0600000000000000000A060000000000002C400A06182D4454FB2129400A06182D4454FB2139401501000000100A0600000000000000000A060000000000002C400A0618
310
2D4454FB2129400A06182D4454FB21394010060000000000000000060000000000000000110D067665727465780CFFFFFFFF04FFFFFFFF0CFFFFFFFF0C2701000004020000000C29010000110D067665727465780CFFFFFFFF04FFFFFFFF0CFFFFFFFF0CE600000004020000000C2A010000110E08696E7463757276650D05
310
63757276650CFFFFFFFF04FFFFFFFF0CFFFFFFFF0B0F0D0D65786163745F696E745F63757204A451000015000000000D056E7572627304020000001500000000040300000006182D4454FB212940040200000006D221337F7CD93240040200000006182D4454FB2139400402000000060000000000002B40060000000000A0
310
54400600000000000032C006000000000000F03F06F9FFFFFFFFFF2A4006FFFFFFFFFF9F53400601000000000032C006CD3B7F669EA0E63F060000000000002340060000000000A053400600000000000032C006000000000000F03F06040000000000164006FFFFFFFFFF9F53400601000000000032C006CD3B7F669EA0E6
310
3F060000000000001640060000000000A054400600000000000032C006000000000000F03F0600000000000000000D0C6E756C6C5F737572666163650D0C6E756C6C5F737572666163650D066E756C6C62730D066E756C6C62730B0B04000000000400000000040000000004000000000A06182D4454FB2129400A06182D44
310
54FB21394015000000001500000000100A06182D4454FB2129400A06182D4454FB213940110D06636F656467650CFFFFFFFF04FFFFFFFF0CFFFFFFFF0C2B0100000CBA0000000CBE0000000CF70000000A0CF100000004000000000C2C010000110D06636F656467650CFFFFFFFF04FFFFFFFF0CFFFFFFFF0CBA0000000C2B
310
0100000CBD0000000CF50000000B0CF100000004000000000C2D010000110D046C6F6F700CFFFFFFFF04FFFFFFFF0CFFFFFFFF0CFFFFFFFF0C2B0100000C2E010000110D067063757276650CFFFFFFFF04FFFFFFFF0CFFFFFFFF04000000000B0F0D0B6578705F7061725F6375720D046E7562730401000000150000000004
310
02000000060000000000000000040100000006182D4454FB212940040100000006FFFFFFFFFFFF2B40060000000000000000060000000000002C4006182D4454FB2129400600000000000000000D0673706C696E650B0F0D0D65786163745F73706C5F73757204A451000015000000000D056E757262730401000000040200
310
00000D04626F74681500000000150000000015000000001500000000040200000004030000000600000000000000000401000000060000000000002C400401000000060000000000000000040200000006182D4454FB211940040200000006182D4454FB2129400402000000060000000000001640060000000000F06B4006
310
00000000000010C006000000000000F03F060000000000001640060000000000F06B400600000000000032C006000000000000F03F06040000000000164006FFFFFFFFFF6F6C400624000000000010C006CD3B7F669EA0E63F06040000000000164006FFFFFFFFFF6F6C400601000000000032C006CD3B7F669EA0E63F0600
310
00000000002340060000000000706C400600000000000010C006000000000000F03F060000000000002340060000000000706C400600000000000032C006000000000000F03F06F9FFFFFFFFFF2A4006FFFFFFFFFF6F6C400624000000000010C006CD3B7F669EA0E63F06F9FFFFFFFFFF2A4006FFFFFFFFFF6F6C40060100
310
0000000032C006CD3B7F669EA0E63F060000000000002B40060000000000F06B400600000000000010C006000000000000F03F060000000000002B40060000000000F06B400600000000000032C006000000000000F03F0600000000000000000400000000040000000004000000000400000000040000000004000000000B
310
0A0600000000000000000A060000000000002C400A0600000000000000000A06182D4454FB2129401501000000100A0600000000000000000A060000000000002C400A0600000000000000000A06182D4454FB21294010060000000000000000060000000000000000110E08696E7463757276650D0563757276650CFFFFFF
310
FF04FFFFFFFF0CFFFFFFFF0B0F0D0D65786163745F696E745F63757204A451000015000000000D056E75726273040200000015000000000403000000060000000000000000040200000006182D4454FB211940040200000006182D4454FB2129400402000000060000000000001640060000000000F06B4006000000000000
310
32C006000000000000F03F06040000000000164006FFFFFFFFFF6F6C400601000000000032C006CD3B7F669EA0E63F060000000000002340060000000000706C400600000000000032C006000000000000F03F06F9FFFFFFFFFF2A4006FFFFFFFFFF6F6C400601000000000032C006CD3B7F669EA0E63F060000000000002B
310
40060000000000F06B400600000000000032C006000000000000F03F0600000000000000000D0C6E756C6C5F737572666163650D0C6E756C6C5F737572666163650D066E756C6C62730D066E756C6C62730B0B04000000000400000000040000000004000000000A0600000000000000000A06182D4454FB21294015000000
310
001500000000100A0600000000000000000A06182D4454FB212940110D06636F656467650CFFFFFFFF04FFFFFFFF0CFFFFFFFF0CBE0000000CBD0000000C2F0100000C300100000B0CBF00000004000000000C31010000110D04656467650CFFFFFFFF04FFFFFFFF0CFFFFFFFF0C320100000600000000000000000CC20000
310
0006E8FFFFFFFFFF2B400CF00000000C330100000B0707756E6B6E6F776E110D067063757276650CFFFFFFFF04FFFFFFFF0CFFFFFFFF04000000000B0F0D0B6578705F7061725F6375720D046E75627304010000001500000000040200000006E8FFFFFFFFFF2BC00401000000060000000000000000040100000006000000
310
0000002C4006182D4454FB21394006000000000000000006182D4454FB2139400600000000000000000D0673706C696E650B0F0D037265660438000000100A0600000000000000000A060000000000002C400A06182D4454FB2129400A06182D4454FB21394010060000000000000000060000000000000000110D04656467
310
650CFFFFFFFF04FFFFFFFF0CFFFFFFFF0C340100000600000000000000000CC1000000060000000000002C400CBE0000000C350100000B0707756E6B6E6F776E110D067063757276650CFFFFFFFF04FFFFFFFF0CFFFFFFFF04000000000B0F0D0B6578705F7061725F6375720D046E75627304010000001500000000040200
310
00000600000000000000000401000000060000000000002C40040100000006000000000000000006182D4454FB212940060000000000002C4006182D4454FB2129400600000000000000000D0673706C696E650B0F0D037265660438000000100A0600000000000000000A060000000000002C400A06182D4454FB2129400A
310
06182D4454FB21394010060000000000000000060000000000000000110D05706F696E740CFFFFFFFF04FFFFFFFF0CFFFFFFFF130000000000002B400000000000F06B4000000000000032C0110D05706F696E740CFFFFFFFF04FFFFFFFF0CFFFFFFFF1300000000000016400000000000F06B40FFFFFFFFFFFF31C0110D06
310
636F656467650CFFFFFFFF04FFFFFFFF0CFFFFFFFF0CC50000000CC40000000CDB0000000C0D0100000A0CC600000004000000000C36010000110D067063757276650CFFFFFFFF04FFFFFFFF0CFFFFFFFF04000000000B0F0D0B6578705F7061725F6375720D046E7562730401000000150000000004020000000600000000
310
000000000401000000060000000000002240040100000006000000000000000006182D4454FB21094006000000000000224006182D4454FB2109400600000000000000000D0673706C696E650B0F0D03726566043B000000100A0600000000000000000A0600000000000022400A06182D4454FB2109400A06182D4454FB21
310
194010060000000000000000060000000000000000110D067063757276650CFFFFFFFF04FFFFFFFF0CFFFFFFFF04000000000B0F0D0B6578705F7061725F6375720D046E7562730401000000150000000004020000000600000000000022C00401000000060000000000000000040100000006000000000000224006182D44
310
54FB21194006000000000000000006182D4454FB2119400600000000000000000D0673706C696E650B0F0D03726566043B000000100A0600000000000000000A0600000000000022400A06182D4454FB2109400A06182D4454FB21194010060000000000000000060000000000000000110D04666163650CFFFFFFFF04FFFF
310
FFFF0CFFFFFFFF0C2E0100000CC60000000C040000000CFFFFFFFF0C370100000B0B110D06636F656467650CFFFFFFFF04FFFFFFFF0CFFFFFFFF0CDB0000000CDB0000000CC90000000C000100000B0CAE00000004000000000C38010000110D04656467650CFFFFFFFF04FFFFFFFF0CFFFFFFFF0C0401000006182D4454FB
310
2109C00C020100000600000000000000000CC90000000C390100000B0707756E6B6E6F776E110D067063757276650CFFFFFFFF04FFFFFFFF0CFFFFFFFF04000000000B0F0D0B6578705F7061725F6375720D046E756273040100000015000000000402000000060000000000000000040100000006182D4454FB2109400401
310
00000006000000000000224006000000000000000006000000000000224006182D4454FB2109400600000000000000000D0673706C696E650B0F0D03726566042A000000100A0600000000000000000A0600000000000022400A0600000000000000000A06182D4454FB210940100600000000000000000600000000000000
310
00110D067665727465780CFFFFFFFF04FFFFFFFF0CFFFFFFFF0CCA00000004020000000C3A010000110E08696E7463757276650D0563757276650CFFFFFFFF04FFFFFFFF0CFFFFFFFF0B0F0D0D65786163745F696E745F63757204A451000015000000000D056E757262730401000000150000000004020000000600000000
310
0000000004010000000600000000000022400401000000060000000000002340060000000000804A400600000000000032C006000000000000F03F060000000000002340060000000000804A400600000000000022C006000000000000F03F0600000000000000000D0C6E756C6C5F737572666163650D0C6E756C6C5F7375
310
72666163650D066E756C6C62730D066E756C6C62730B0B04000000000400000000040000000004000000000A0600000000000000000A06000000000000224015000000001500000000100A0600000000000000000A060000000000002240110D067665727465780CFFFFFFFF04FFFFFFFF0CFFFFFFFF0CCC00000004020000
310
000C3B010000110E08696E7463757276650D0563757276650CFFFFFFFF04FFFFFFFF0CFFFFFFFF0B0F0D0D65786163745F696E745F63757204A451000015000000000D056E75726273040100000015000000000402000000060000000000000000040100000006000000000000224004010000000600000000000023400600
310
000000000048400600000000000032C006000000000000F03F0600000000000023400600000000000048400600000000000022C006000000000000F03F0600000000000000000D0C6E756C6C5F737572666163650D0C6E756C6C5F737572666163650D066E756C6C62730D066E756C6C62730B0B0400000000040000000004
310
0000000004000000000A0600000000000000000A06000000000000224015000000001500000000100A0600000000000000000A060000000000002240110E0673706C696E650D07737572666163650CFFFFFFFF04FFFFFFFF0CFFFFFFFF0B0F0D037265660430000000100A0600000000000000000A0600000000000022400A
310
06182D4454FB2109400A06182D4454FB211940110E08696E7463757276650D0563757276650CFFFFFFFF04FFFFFFFF0CFFFFFFFF0B0F0D0D65786163745F696E745F63757204A451000015000000000D056E7572627304020000001500000000040300000006182D4454FB2109C0040200000006182D4454FB21F9BF040200
310
00000600000000000000000402000000060000000000002340060000000000A067400600000000000022C006000000000000F03F06FFFFFFFFFFFF1B40060000000000A067400600000000000022C006CD3B7F669EA0E63F060000000000001C40060000000000F067400600000000000022C006000000000000F03F06FFFF
310
FFFFFFFF1B400600000000004068400600000000000022C006CD3B7F669EA0E63F0600000000000023400600000000004068400600000000000022C006000000000000F03F0600000000000000000D0C6E756C6C5F737572666163650D0C6E756C6C5F737572666163650D066E756C6C62730D066E756C6C62730B0B040000
310
00000400000000040000000004000000000A06182D4454FB2109C00A06000000000000000015000000001500000000100A06182D4454FB2109C00A060000000000000000110D05706F696E740CFFFFFFFF04FFFFFFFF0CFFFFFFFF130000000000002340000000000040684000000000000022C0110D05706F696E740CFFFF
310
FFFF04FFFFFFFF0CFFFFFFFF1300000000000023400000000000A0674000000000000022C0110D04666163650CFFFFFFFF04FFFFFFFF0CFFFFFFFF0C3C0100000CEA0000000C040000000CFFFFFFFF0C3D0100000B0B110D046C6F6F700CFFFFFFFF04FFFFFFFF0CFFFFFFFF0CFFFFFFFF0C3E0100000CD9000000110E0570
310
6C616E650D07737572666163650CFFFFFFFF04FFFFFFFF0CFFFFFFFF13325C8FC2F5282D403D0AD7A3704D6B4000000000000010C01400000000000000000000000000000000000000000000F0BF14000000000000F0BF000000000000000000000000000000000B0B0B0B0B110D04656467650CFFFFFFFF04FFFFFFFF0CFF
310
FFFFFF0C0201000006182D4454FB2119C00C0401000006182D4454FB2109C00CFB0000000C3F0100000B0707756E6B6E6F776E110D067063757276650CFFFFFFFF04FFFFFFFF0CFFFFFFFF04000000000B0F0D0B6578705F7061725F6375720D056E7572627304020000001500000000040300000006182D4454FB2119C004
310
0200000006D221337F7CD912C0040200000006182D4454FB2109C0040200000006000000000000044006000000000000000006000000000000F03F06000000000000044006030000000000044006CD3B7F669EA0E63F06000000000000000006000000000000044006000000000000F03F0600000000000004C00603000000
310
0000044006CD3B7F669EA0E63F0600000000000004C006000000000000000006000000000000F03F0600000000000000000D05706C616E6513CCCCCCCCCCCC17409A9999999979474000000000000022C01400000000000000000000000000000000000000000000F0BF140000000000000000000000000000F03F00000000
310
000000000B0B0B0B0B10060000000000000000060000000000000000110D046C6F6F700CFFFFFFFF04FFFFFFFF0CFFFFFFFF0C400100000C410100000C16000000110D06636F656467650CFFFFFFFF04FFFFFFFF0CFFFFFFFF0C420100000C420100000C430100000C440100000A0CDF00000004000000000C45010000110D
310
06636F656467650CFFFFFFFF04FFFFFFFF0CFFFFFFFF0CE00000000CE00000000C460100000C470100000B0CB400000004000000000C48010000110D06636F656467650CFFFFFFFF04FFFFFFFF0CFFFFFFFF0C490100000C4A0100000CE00000000C130100000A0C4B01000004000000000C4C010000110D04656467650CFF
310
FFFFFF04FFFFFFFF0CFFFFFFFF0C4D0100000600000000000000000C4E01000006182D4454FB2109400C120100000C4F0100000B0707756E6B6E6F776E110D067063757276650CFFFFFFFF04FFFFFFFF0CFFFFFFFF04000000000B0F0D0B6578705F7061725F6375720D056E75726273040200000015000000000403000000
310
060000000000000000040200000006182D4454FB21F93F040200000006182D4454FB2109400402000000060000000000A054C0060000000000E0674006000000000000F03F060000000000A054C006010000000030684006CD3B7F669EA0E63F0600000000000054C006000000000030684006000000000000F03F06000000
310
00006053C006010000000030684006CD3B7F669EA0E63F0600000000006053C0060000000000E0674006000000000000F03F0600000000000000000D05706C616E6513000000000000F0BF000000000000F0BF00000000000032C01400000000000000000000000000000000000000000000F0BF1400000000000000000000
310
00000000F03F00000000000000000B0B0B0B0B10060000000000000000060000000000000000110D06636F656467650CFFFFFFFF04FFFFFFFF0CFFFFFFFF0C500100000C510100000CE10000000C160100000A0C5201000004000000000C53010000110D04656467650CFFFFFFFF04FFFFFFFF0CFFFFFFFF0C1D0100000618
310
2D4454FB2109400C1C01000006182D4454FB2119400C150100000C540100000B0707756E6B6E6F776E110D067063757276650CFFFFFFFF04FFFFFFFF0CFFFFFFFF04000000000B0F0D0B6578705F7061725F6375720D056E7572627304020000001500000000040300000006182D4454FB210940040200000006D221337F7C
310
D91240040200000006182D4454FB2119400402000000060000000000C04F40060000000000E0674006000000000000F03F060400000000C04F4006FFFFFFFFFF8F674006CD3B7F669EA0E63F060000000000804E4006000000000090674006000000000000F03F060400000000404D4006FFFFFFFFFF8F674006CD3B7F669E
310
A0E63F060000000000404D40060000000000E0674006000000000000F03F0600000000000000000D05706C616E6513000000000000F0BF000000000000F0BF00000000000032C01400000000000000000000000000000000000000000000F0BF140000000000000000000000000000F03F00000000000000000B0B0B0B0B10
310
060000000000000000060000000000000000110D06636F656467650CFFFFFFFF04FFFFFFFF0CFFFFFFFF0C550100000CE20000000C510100000C560100000B0C1A01000004000000000C57010000110D06636F656467650CFFFFFFFF04FFFFFFFF0CFFFFFFFF0CE20000000C550100000C500100000C580100000A0C1A0100
310
0004000000000C59010000110D046C6F6F700CFFFFFFFF04FFFFFFFF0CFFFFFFFF0CFFFFFFFF0CE20000000C5A010000110D067063757276650CFFFFFFFF04FFFFFFFF0CFFFFFFFF04000000000B0F0D0B6578705F7061725F6375720D046E75627304010000001500000000040200000006182D4454FB2109C00401000000
310
060000000000000000040100000006000000000000000006182D4454FB2109400600000000000000000600000000000000000600000000000000000D0673706C696E650B0F0D0D65786163745F73706C5F73757204A451000015000000000D056E75726273040100000004020000000D04626F746815000000001500000000
310
150000000015000000000402000000040300000006000000000000000004010000000600000000000022400401000000060000000000000000040200000006182D4454FB21F93F040200000006182D4454FB2109400402000000060000000000787840060000000000A067400600000000000032C006000000000000F03F06
310
0000000000787840060000000000A067400600000000000022C006000000000000F03F060000000000A07840060000000000A067400600000000000032C006CD3B7F669EA0E63F060000000000A07840060000000000A067400600000000000022C006CD3B7F669EA0E63F060000000000A07840060000000000F067400600
310
000000000032C006000000000000F03F060000000000A07840060000000000F067400600000000000022C006000000000000F03F060000000000A078400600000000004068400600000000000032C006CD3B7F669EA0E63F060000000000A078400600000000004068400600000000000022C006CD3B7F669EA0E63F060000
310
0000007878400600000000004068400600000000000032C006000000000000F03F0600000000007878400600000000004068400600000000000022C006000000000000F03F0600000000000000000400000000040000000004000000000400000000040000000004000000000B0A0600000000000000000A06000000000000
310
22400A0600000000000000000A06182D4454FB2109401501000000100A0600000000000000000A0600000000000022400A0600000000000000000A06182D4454FB21094010060000000000000000060000000000000000110D067665727465780CFFFFFFFF04FFFFFFFF0CFFFFFFFF0CE300000004020000000C5B01000011
310
0D067665727465780CFFFFFFFF04FFFFFFFF0CFFFFFFFF0C5801000004020000000C5C010000110E08696E7463757276650D0563757276650CFFFFFFFF04FFFFFFFF0CFFFFFFFF0B0F0D0D65786163745F696E745F63757204A451000015000000000D056E7572627304020000001500000000040300000006000000000000
310
0000040200000006182D4454FB21F93F040200000006182D4454FB2109400402000000060000000000787840060000000000A067400600000000000032C006000000000000F03F060000000000A07840060000000000A067400600000000000032C006CD3B7F669EA0E63F060000000000A07840060000000000F067400600
310
000000000032C006000000000000F03F060000000000A078400600000000004068400600000000000032C006CD3B7F669EA0E63F0600000000007878400600000000004068400600000000000032C006000000000000F03F0600000000000000000D0C6E756C6C5F737572666163650D0C6E756C6C5F737572666163650D06
310
6E756C6C62730D066E756C6C62730B0B04000000000400000000040000000004000000000A0600000000000000000A06182D4454FB21094015000000001500000000100A0600000000000000000A06182D4454FB210940110D06636F656467650CFFFFFFFF04FFFFFFFF0CFFFFFFFF0C5D0100000CE50000000CE90000000C
310
270100000A0C2101000004000000000C5E010000110D06636F656467650CFFFFFFFF04FFFFFFFF0CFFFFFFFF0CE50000000C5D0100000CE80000000C250100000B0C2101000004000000000C5F010000110D046C6F6F700CFFFFFFFF04FFFFFFFF0CFFFFFFFF0CFFFFFFFF0C5D0100000C60010000110D067063757276650C
310
FFFFFFFF04FFFFFFFF0CFFFFFFFF04000000000B0F0D0B6578705F7061725F6375720D046E756273040100000015000000000402000000060000000000000000040100000006182D4454FB212940040100000006FFFFFFFFFFFF2B40060000000000000000060000000000002C4006182D4454FB2129400600000000000000
310
000D0673706C696E650B0F0D0D65786163745F73706C5F73757204A451000015000000000D056E75726273040100000004020000000D04626F74681500000000150000000015000000001500000000040200000004030000000600000000000000000401000000060000000000002C40040100000006000000000000000004
310
0200000006182D4454FB211940040200000006182D4454FB2129400402000000060000000000001640060000000000A054400600000000000010C006000000000000F03F060000000000001640060000000000A054400600000000000032C006000000000000F03F06040000000000164006FFFFFFFFFF9F55400624000000
310
000010C006CD3B7F669EA0E63F06040000000000164006FFFFFFFFFF9F55400601000000000032C006CD3B7F669EA0E63F060000000000002340060000000000A055400600000000000010C006000000000000F03F060000000000002340060000000000A055400600000000000032C006000000000000F03F06F9FFFFFFFF
310
FF2A4006FFFFFFFFFF9F55400624000000000010C006CD3B7F669EA0E63F06F9FFFFFFFFFF2A4006FFFFFFFFFF9F55400601000000000032C006CD3B7F669EA0E63F060000000000002B40060000000000A054400600000000000010C006000000000000F03F060000000000002B40060000000000A0544006000000000000
310
32C006000000000000F03F0600000000000000000400000000040000000004000000000400000000040000000004000000000B0A0600000000000000000A060000000000002C400A0600000000000000000A06182D4454FB2129401501000000100A0600000000000000000A060000000000002C400A060000000000000000
310
0A06182D4454FB21294010060000000000000000060000000000000000110E08696E7463757276650D0563757276650CFFFFFFFF04FFFFFFFF0CFFFFFFFF0B0F0D0D65786163745F696E745F63757204A451000015000000000D056E7572627304020000001500000000040300000006000000000000000004020000000618
310
2D4454FB211940040200000006182D4454FB2129400402000000060000000000001640060000000000A054400600000000000032C006000000000000F03F06040000000000164006FFFFFFFFFF9F55400601000000000032C006CD3B7F669EA0E63F060000000000002340060000000000A055400600000000000032C00600
310
0000000000F03F06F9FFFFFFFFFF2A4006FFFFFFFFFF9F55400601000000000032C006CD3B7F669EA0E63F060000000000002B40060000000000A054400600000000000032C006000000000000F03F0600000000000000000D0C6E756C6C5F737572666163650D0C6E756C6C5F737572666163650D066E756C6C62730D066E
310
756C6C62730B0B04000000000400000000040000000004000000000A0600000000000000000A06182D4454FB21294015000000001500000000100A0600000000000000000A06182D4454FB212940110D06636F656467650CFFFFFFFF04FFFFFFFF0CFFFFFFFF0CE90000000CE80000000C610100000C620100000B0CEA0000
310
0004000000000C63010000110D04656467650CFFFFFFFF04FFFFFFFF0CFFFFFFFF0C640100000600000000000000000CED00000006E8FFFFFFFFFF2B400C200100000C650100000B0707756E6B6E6F776E110D067063757276650CFFFFFFFF04FFFFFFFF0CFFFFFFFF04000000000B0F0D0B6578705F7061725F6375720D04
310
6E75627304010000001500000000040200000006E8FFFFFFFFFF2BC004010000000600000000000000000401000000060000000000002C4006182D4454FB21394006000000000000000006182D4454FB2139400600000000000000000D0673706C696E650B0F0D03726566044A000000100A0600000000000000000A060000
310
000000002C400A06182D4454FB2129400A06182D4454FB21394010060000000000000000060000000000000000110D04656467650CFFFFFFFF04FFFFFFFF0CFFFFFFFF0C660100000600000000000000000CEC000000060000000000002C400CE90000000C670100000B0707756E6B6E6F776E110D067063757276650CFFFF
310
FFFF04FFFFFFFF0CFFFFFFFF04000000000B0F0D0B6578705F7061725F6375720D046E7562730401000000150000000004020000000600000000000000000401000000060000000000002C40040100000006000000000000000006182D4454FB212940060000000000002C4006182D4454FB2129400600000000000000000D
310
0673706C696E650B0F0D03726566044A000000100A0600000000000000000A060000000000002C400A06182D4454FB2129400A06182D4454FB21394010060000000000000000060000000000000000110D05706F696E740CFFFFFFFF04FFFFFFFF0CFFFFFFFF130000000000002B400000000000A0544000000000000032C0
310
110D05706F696E740CFFFFFFFF04FFFFFFFF0CFFFFFFFF1300000000000016400000000000A05440FFFFFFFFFFFF31C0110D06636F656467650CFFFFFFFF04FFFFFFFF0CFFFFFFFF0CF00000000CEF0000000C3E0100000C680100000B0CF100000004000000000C69010000110D067063757276650CFFFFFFFF04FFFFFFFF
310
0CFFFFFFFF04000000000B0F0D0B6578705F7061725F6375720D046E756273040100000015000000000402000000060000000000002CC004010000000600000000000000000401000000060000000000002C4006182D4454FB21294006000000000000000006182D4454FB2129400600000000000000000D0673706C696E65
310
0B0F0D03726566044D000000100A0600000000000000000A060000000000002C400A0600000000000000000A06182D4454FB21294010060000000000000000060000000000000000110D067063757276650CFFFFFFFF04FFFFFFFF0CFFFFFFFF04000000000B0F0D0B6578705F7061725F6375720D046E7562730401000000
310
15000000000402000000060000000000000000040100000006E8FFFFFFFFFF2B40040100000006000000000000000006000000000000000006FFFFFFFFFFFF2B400600000000000000000600000000000000000D0673706C696E650B0F0D03726566044D000000100A0600000000000000000A060000000000002C400A0600
310
000000000000000A06182D4454FB21294010060000000000000000060000000000000000110D04666163650CFFFFFFFF04FFFFFFFF0CFFFFFFFF0C600100000CF10000000C040000000CFFFFFFFF0C6A0100000B0B110D06636F656467650CFFFFFFFF04FFFFFFFF0CFFFFFFFF0C3E0100000C3E0100000CF40000000C3001
310
00000A0C0B01000004000000000C6B010000110D04656467650CFFFFFFFF04FFFFFFFF0CFFFFFFFF0C3201000006182D4454FB2139C00C3401000006182D4454FB2129C00CF40000000C6C0100000B0707756E6B6E6F776E110D067063757276650CFFFFFFFF04FFFFFFFF0CFFFFFFFF04000000000B0F0D0B6578705F7061
310
725F6375720D046E75627304010000001500000000040200000006182D4454FB2139C0040100000006182D4454FB2129C0040100000006000000000000000006182D4454FB21394006000000000000000006182D4454FB2129400600000000000000000D0673706C696E650B0F0D037265660438000000100A060000000000
310
0000000A060000000000002C400A06182D4454FB2129400A06182D4454FB21394010060000000000000000060000000000000000110D067665727465780CFFFFFFFF04FFFFFFFF0CFFFFFFFF0CF500000004020000000C6D010000110E08696E7463757276650D0563757276650CFFFFFFFF04FFFFFFFF0CFFFFFFFF0B0F0D
310
0D65786163745F696E745F63757204A451000015000000000D056E75726273040100000015000000000402000000060000000000000000040100000006E8FFFFFFFFFF2B400401000000060000000000001640060000000000F06B400600000000000010C006000000000000F03F060000000000001640060000000000F06B
310
4006FFFFFFFFFFFF31C006000000000000F03F0600000000000000000D0C6E756C6C5F737572666163650D0C6E756C6C5F737572666163650D066E756C6C62730D066E756C6C62730B0B04000000000400000000040000000004000000000A0600000000000000000A06E8FFFFFFFFFF2B4015000000001500000000100A06
310
00000000000000000A06E8FFFFFFFFFF2B40110D067665727465780CFFFFFFFF04FFFFFFFF0CFFFFFFFF0CF700000004020000000C6E010000110E08696E7463757276650D0563757276650CFFFFFFFF04FFFFFFFF0CFFFFFFFF0B0F0D0D65786163745F696E745F63757204A451000015000000000D056E75726273040100
310
0000150000000004020000000600000000000000000401000000060000000000002C400401000000060000000000002B40060000000000F06B400600000000000010C006000000000000F03F060000000000002B40060000000000F06B400600000000000032C006000000000000F03F0600000000000000000D0C6E756C6C
310
5F737572666163650D0C6E756C6C5F737572666163650D066E756C6C62730D066E756C6C62730B0B04000000000400000000040000000004000000000A0600000000000000000A060000000000002C4015000000001500000000100A0600000000000000000A060000000000002C40110D067063757276650CFFFFFFFF04FF
310
FFFFFF0CFFFFFFFF04000000000B0F0D0B6578705F7061725F6375720D046E75627304010000001500000000040200000006182D4454FB210940040100000006182D4454FB211940040100000006000000000000224006182D4454FB21094006000000000000224006182D4454FB2119400600000000000000000D0673706C
310
696E650B0F0D03726566043B000000100A0600000000000000000A0600000000000022400A06182D4454FB2109400A06182D4454FB21194010060000000000000000060000000000000000110E0673706C696E650D07737572666163650CFFFFFFFF04FFFFFFFF0CFFFFFFFF0B0F0D03726566043B000000100A0600000000
310
000000000A0600000000000022400A06182D4454FB2109400A06182D4454FB211940110D067063757276650CFFFFFFFF04FFFFFFFF0CFFFFFFFF04000000000B0F0D0B6578705F7061725F6375720D056E7572627304020000001500000000040300000006182D4454FB2109C0040200000006182D4454FB21F9BF04020000
310
0006000000000000000004020000000600000000000004C006000000000000000006000000000000F03F0600000000000004C00600000000000004C006CD3B7F669EA0E63F0600000000000000000600000000000004C006000000000000F03F0600000000000004400600000000000004C006CD3B7F669EA0E63F06000000
310
000000044006000000000000000006000000000000F03F0600000000000000000D05706C616E6513CCCCCCCCCCCC17409A9999999979474000000000000022C01400000000000000000000000000000000000000000000F0BF140000000000000000000000000000F03F00000000000000000B0B0B0B0B1006000000000000
310
0000060000000000000000110E08696E7463757276650D0563757276650CFFFFFFFF04FFFFFFFF0CFFFFFFFF0B0F0D0D65786163745F696E745F63757204A451000015000000000D056E7572627304020000001500000000040300000006182D4454FB2109C0040200000006182D4454FB21F9BF0402000000060000000000
310
00000004020000000600000000000023400600000000000048400600000000000022C006000000000000F03F06FFFFFFFFFFFF1B400600000000000048400600000000000022C006CD3B7F669EA0E63F060000000000001C400600000000004049400600000000000022C006000000000000F03F06FFFFFFFFFFFF1B400600
310
00000000804A400600000000000022C006CD3B7F669EA0E63F060000000000002340060000000000804A400600000000000022C006000000000000F03F0600000000000000000D0C6E756C6C5F737572666163650D0C6E756C6C5F737572666163650D066E756C6C62730D066E756C6C62730B0B0400000000040000000004
310
0000000004000000000A06182D4454FB2109C00A06000000000000000015000000001500000000100A06182D4454FB2109C00A060000000000000000110D05706F696E740CFFFFFFFF04FFFFFFFF0CFFFFFFFF1300000000000023400000000000804A4000000000000022C0110D05706F696E740CFFFFFFFF04FFFFFFFF0C
310
FFFFFFFF130000000000002340000000000000484000000000000022C0110D04666163650CFFFFFFFF04FFFFFFFF0CFFFFFFFF0C5A0100000C6F0100000C040000000CFFFFFFFF0C700100000B0B110E0673706C696E650D07737572666163650CFFFFFFFF04FFFFFFFF0CFFFFFFFF0B0F0D03726566044A000000100A0600
310
000000000000000A060000000000002C400A06182D4454FB2129400A06182D4454FB213940110D06636F656467650CFFFFFFFF04FFFFFFFF0CFFFFFFFF0C2F0100000C2F0100000C2B0100000C680100000A0C0B01000004000000000C71010000110E08696E7463757276650D0563757276650CFFFFFFFF04FFFFFFFF0CFF
310
FFFFFF0B0F0D0D65786163745F696E745F63757204A451000015000000000D056E7572627304020000001500000000040300000006182D4454FB2119C0040200000006D221337F7CD912C0040200000006182D4454FB2109C00402000000060000000000002340060000000000804A400600000000000022C0060000000000
310
00F03F060000000000002840060000000000804A400600000000000022C006CD3B7F669EA0E63F0600000000000028400600000000004049400600000000000022C006000000000000F03F0600000000000028400600000000000048400600000000000022C006CD3B7F669EA0E63F06000000000000234006000000000000
310
48400600000000000022C006000000000000F03F0600000000000000000D0C6E756C6C5F737572666163650D0C6E756C6C5F737572666163650D066E756C6C62730D066E756C6C62730B0B04000000000400000000040000000004000000000A06182D4454FB2119C00A06182D4454FB2109C015000000001500000000100A
310
06182D4454FB2119C00A06182D4454FB2109C0110D046C6F6F700CFFFFFFFF04FFFFFFFF0CFFFFFFFF0C720100000C730100000C16000000110D06636F656467650CFFFFFFFF04FFFFFFFF0CFFFFFFFF0C740100000C740100000C750100000C760100000A0C0F01000004000000000C77010000110D06636F656467650CFF
310
FFFFFF04FFFFFFFF0CFFFFFFFF0C100100000C100100000C780100000C790100000A0CDF00000004000000000C7A010000110D06636F656467650CFFFFFFFF04FFFFFFFF0CFFFFFFFF0C7B0100000C7C0100000C100100000C440100000B0C7D01000004000000000C7E010000110D04656467650CFFFFFFFF04FFFFFFFF0C
310
FFFFFFFF0C7F01000006182D4454FB2129400C8001000006182D4454FB2139400C430100000C810100000B0707756E6B6E6F776E110D067063757276650CFFFFFFFF04FFFFFFFF0CFFFFFFFF04000000000B0F0D0B6578705F7061725F6375720D056E7572627304020000001500000000040300000006182D4454FB2139C0
310
040200000006D221337F7CD932C0040200000006182D4454FB2129C0040200000006000000000040574006000000000060684006000000000000F03F06FEFFFFFFFF3F584006010000000060684006CD3B7F669EA0E63F060000000000405840060000000000E0674006000000000000F03F06FEFFFFFFFF3F584006FFFFFF
310
FFFF5F674006CD3B7F669EA0E63F06000000000040574006000000000060674006000000000000F03F0600000000000000000D05706C616E6513000000000000F0BF000000000000F0BF00000000000032C01400000000000000000000000000000000000000000000F0BF140000000000000000000000000000F03F000000
310
00000000000B0B0B0B0B10060000000000000000060000000000000000110D06636F656467650CFFFFFFFF04FFFFFFFF0CFFFFFFFF0C820100000C830100000C110100000C470100000A0C8401000004000000000C85010000110D04656467650CFFFFFFFF04FFFFFFFF0CFFFFFFFF0C4E01000006182D4454FB2109400C4D
310
01000006182D4454FB2119400C460100000C860100000B0707756E6B6E6F776E110D067063757276650CFFFFFFFF04FFFFFFFF0CFFFFFFFF04000000000B0F0D0B6578705F7061725F6375720D056E7572627304020000001500000000040300000006182D4454FB210940040200000006D221337F7CD91240040200000006
310
182D4454FB21194004020000000600000000006053C0060000000000E0674006000000000000F03F0600000000006053C006FFFFFFFFFF8F674006CD3B7F669EA0E63F0600000000000054C006000000000090674006000000000000F03F060000000000A054C006FFFFFFFFFF8F674006CD3B7F669EA0E63F060000000000
310
A054C0060000000000E0674006000000000000F03F0600000000000000000D05706C616E6513000000000000F0BF000000000000F0BF00000000000032C01400000000000000000000000000000000000000000000F0BF140000000000000000000000000000F03F00000000000000000B0B0B0B0B10060000000000000000
310
060000000000000000110D06636F656467650CFFFFFFFF04FFFFFFFF0CFFFFFFFF0C870100000C120100000C830100000C880100000B0C4B01000004000000000C89010000110D06636F656467650CFFFFFFFF04FFFFFFFF0CFFFFFFFF0C120100000C870100000C820100000C8A0100000A0C4B01000004000000000C8B01
310
0000110D046C6F6F700CFFFFFFFF04FFFFFFFF0CFFFFFFFF0CFFFFFFFF0C120100000C8C010000110D067063757276650CFFFFFFFF04FFFFFFFF0CFFFFFFFF04000000000B0F0D0B6578705F7061725F6375720D046E75627304010000001500000000040200000006182D4454FB2109C00401000000060000000000000000
310
040100000006000000000000000006182D4454FB2109400600000000000000000600000000000000000600000000000000000D0673706C696E650B0F0D0D65786163745F73706C5F73757204A451000015000000000D056E75726273040100000004020000000D04626F746815000000001500000000150000000015000000
310
000402000000040300000006000000000000000004010000000600000000000022400401000000060000000000000000040200000006182D4454FB21F93F040200000006182D4454FB21094004020000000600000000007878400600000000000048400600000000000032C006000000000000F03F06000000000078784006
310
00000000000048400600000000000022C006000000000000F03F060000000000A078400600000000000048400600000000000032C006CD3B7F669EA0E63F060000000000A078400600000000000048400600000000000022C006CD3B7F669EA0E63F060000000000A078400600000000004049400600000000000032C00600
310
0000000000F03F060000000000A078400600000000004049400600000000000022C006000000000000F03F060000000000A07840060000000000804A400600000000000032C006CD3B7F669EA0E63F060000000000A07840060000000000804A400600000000000022C006CD3B7F669EA0E63F060000000000787840060000
310
000000804A400600000000000032C006000000000000F03F060000000000787840060000000000804A400600000000000022C006000000000000F03F0600000000000000000400000000040000000004000000000400000000040000000004000000000B0A0600000000000000000A0600000000000022400A060000000000
310
0000000A06182D4454FB2109401501000000100A0600000000000000000A0600000000000022400A0600000000000000000A06182D4454FB21094010060000000000000000060000000000000000110D067665727465780CFFFFFFFF04FFFFFFFF0CFFFFFFFF0C1301000004020000000C8D010000110D067665727465780C
310
FFFFFFFF04FFFFFFFF0CFFFFFFFF0C8A01000004020000000C8E010000110E08696E7463757276650D0563757276650CFFFFFFFF04FFFFFFFF0CFFFFFFFF0B0F0D0D65786163745F696E745F63757204A451000015000000000D056E7572627304020000001500000000040300000006000000000000000004020000000618
310
2D4454FB21F93F040200000006182D4454FB21094004020000000600000000007878400600000000000048400600000000000032C006000000000000F03F060000000000A078400600000000000048400600000000000032C006CD3B7F669EA0E63F060000000000A078400600000000004049400600000000000032C00600
310
0000000000F03F060000000000A07840060000000000804A400600000000000032C006CD3B7F669EA0E63F060000000000787840060000000000804A400600000000000032C006000000000000F03F0600000000000000000D0C6E756C6C5F737572666163650D0C6E756C6C5F737572666163650D066E756C6C62730D066E
310
756C6C62730B0B04000000000400000000040000000004000000000A0600000000000000000A06182D4454FB21094015000000001500000000100A0600000000000000000A06182D4454FB210940110D06636F656467650CFFFFFFFF04FFFFFFFF0CFFFFFFFF0C8F0100000C150100000C190100000C580100000B0C520100
310
0004000000000C90010000110D06636F656467650CFFFFFFFF04FFFFFFFF0CFFFFFFFF0C150100000C8F0100000C180100000C560100000A0C5201000004000000000C91010000110D046C6F6F700CFFFFFFFF04FFFFFFFF0CFFFFFFFF0CFFFFFFFF0C500100000C92010000110D067063757276650CFFFFFFFF04FFFFFFFF
310
0CFFFFFFFF04000000000B0F0D0B6578705F7061725F6375720D046E75627304010000001500000000040200000006182D4454FB2119C0040100000006182D4454FB2109C0040100000006000000000000000006182D4454FB21194006000000000000000006182D4454FB2109400600000000000000000D0673706C696E65
310
0B0F0D0D65786163745F73706C5F73757204A451000015000000000D056E75726273040100000004020000000D04626F74681500000000150000000015000000001500000000040200000004030000000600000000000000000401000000060000000000002240040100000006182D4454FB210940040200000006D221337F
310
7CD91240040200000006182D4454FB21194004020000000600000000007878400600000000004068400600000000000032C006000000000000F03F0600000000007878400600000000004068400600000000000022C006000000000000F03F0600000000005078400600000000004068400600000000000032C006CD3B7F66
310
9EA0E63F0600000000005078400600000000004068400600000000000022C006CD3B7F669EA0E63F060000000000507840060000000000F067400600000000000032C006000000000000F03F060000000000507840060000000000F067400600000000000022C006000000000000F03F060000000000507840060000000000
310
A067400600000000000032C006CD3B7F669EA0E63F060000000000507840060000000000A067400600000000000022C006CD3B7F669EA0E63F060000000000787840060000000000A067400600000000000032C006000000000000F03F060000000000787840060000000000A067400600000000000022C006000000000000
310
F03F0600000000000000000400000000040000000004000000000400000000040000000004000000000B0A0600000000000000000A0600000000000022400A06182D4454FB2109400A06182D4454FB2119401501000000100A0600000000000000000A0600000000000022400A06182D4454FB2109400A06182D4454FB2119
310
4010060000000000000000060000000000000000110E08696E7463757276650D0563757276650CFFFFFFFF04FFFFFFFF0CFFFFFFFF0B0F0D0D65786163745F696E745F63757204A451000015000000000D056E7572627304020000001500000000040300000006182D4454FB210940040200000006D221337F7CD912400402
310
00000006182D4454FB21194004020000000600000000007878400600000000004068400600000000000032C006000000000000F03F0600000000005078400600000000004068400600000000000032C006CD3B7F669EA0E63F060000000000507840060000000000F067400600000000000032C006000000000000F03F0600
310
00000000507840060000000000A067400600000000000032C006CD3B7F669EA0E63F060000000000787840060000000000A067400600000000000032C006000000000000F03F0600000000000000000D0C6E756C6C5F737572666163650D0C6E756C6C5F737572666163650D066E756C6C62730D066E756C6C62730B0B0400
310
0000000400000000040000000004000000000A06182D4454FB2109400A06182D4454FB21194015000000001500000000100A06182D4454FB2109400A06182D4454FB211940110D06636F656467650CFFFFFFFF04FFFFFFFF0CFFFFFFFF0C190100000C180100000C930100000C940100000A0C1A01000004000000000C9501
310
0000110D04656467650CFFFFFFFF04FFFFFFFF0CFFFFFFFF0C1C0100000600000000000000000C960100000600000000000022400C510100000C970100000B0707756E6B6E6F776E110D067063757276650CFFFFFFFF04FFFFFFFF0CFFFFFFFF04000000000B0F0D0B6578705F7061725F6375720D046E7562730401000000
310
15000000000402000000060000000000000000040100000006000000000000224004010000000600000000000000000600000000000000000600000000000022400600000000000000000600000000000000000D0673706C696E650B0F0D03726566045B000000100A0600000000000000000A0600000000000022400A0600
310
000000000000000A06182D4454FB21094010060000000000000000060000000000000000110D04656467650CFFFFFFFF04FFFFFFFF0CFFFFFFFF0C1D0100000600000000000000000C980100000600000000000022400C190100000C990100000B0707756E6B6E6F776E110D067063757276650CFFFFFFFF04FFFFFFFF0CFF
310
FFFFFF04000000000B0F0D0B6578705F7061725F6375720D046E7562730401000000150000000004020000000600000000000022C00401000000060000000000000000040100000006000000000000224006182D4454FB21094006000000000000000006182D4454FB2109400600000000000000000D0673706C696E650B0F
310
0D03726566045B000000100A0600000000000000000A0600000000000022400A0600000000000000000A06182D4454FB21094010060000000000000000060000000000000000110D04666163650CFFFFFFFF04FFFFFFFF0CFFFFFFFF0C9A0100000C1A0100000C040000000CFFFFFFFF0C9B0100000B0B110D05706F696E74
310
0CFFFFFFFF04FFFFFFFF0CFFFFFFFF1300000000007878400000000000A0674000000000000032C0110D05706F696E740CFFFFFFFF04FFFFFFFF0CFFFFFFFF130000000000787840000000000040684000000000000032C0110D06636F656467650CFFFFFFFF04FFFFFFFF0CFFFFFFFF0C200100000C1F0100000C9C010000
310
0C9D0100000B0C2101000004000000000C9E010000110D067063757276650CFFFFFFFF04FFFFFFFF0CFFFFFFFF04000000000B0F0D0B6578705F7061725F6375720D046E756273040100000015000000000402000000060000000000002CC004010000000600000000000000000401000000060000000000002C4006182D44
310
54FB21294006000000000000000006182D4454FB2129400600000000000000000D0673706C696E650B0F0D03726566045E000000100A0600000000000000000A060000000000002C400A0600000000000000000A06182D4454FB21294010060000000000000000060000000000000000110D067063757276650CFFFFFFFF04
310
FFFFFFFF0CFFFFFFFF04000000000B0F0D0B6578705F7061725F6375720D046E756273040100000015000000000402000000060000000000000000040100000006E8FFFFFFFFFF2B40040100000006000000000000000006000000000000000006FFFFFFFFFFFF2B400600000000000000000600000000000000000D067370
310
6C696E650B0F0D03726566045E000000100A0600000000000000000A060000000000002C400A0600000000000000000A06182D4454FB21294010060000000000000000060000000000000000110D04666163650CFFFFFFFF04FFFFFFFF0CFFFFFFFF0C920100000C210100000C040000000CFFFFFFFF0C9F0100000B0B110D
310
06636F656467650CFFFFFFFF04FFFFFFFF0CFFFFFFFF0C9C0100000C9C0100000C240100000C620100000A0C6F01000004000000000CA0010000110D04656467650CFFFFFFFF04FFFFFFFF0CFFFFFFFF0C6401000006182D4454FB2139C00C6601000006182D4454FB2129C00C240100000CA10100000B0707756E6B6E6F77
310
6E110D067063757276650CFFFFFFFF04FFFFFFFF0CFFFFFFFF04000000000B0F0D0B6578705F7061725F6375720D046E75627304010000001500000000040200000006182D4454FB2139C0040100000006182D4454FB2129C0040100000006000000000000000006182D4454FB21394006000000000000000006182D4454FB
310
2129400600000000000000000D0673706C696E650B0F0D03726566044A000000100A0600000000000000000A060000000000002C400A06182D4454FB2129400A06182D4454FB21394010060000000000000000060000000000000000110D067665727465780CFFFFFFFF04FFFFFFFF0CFFFFFFFF0C2501000004020000000C
310
A2010000110E08696E7463757276650D0563757276650CFFFFFFFF04FFFFFFFF0CFFFFFFFF0B0F0D0D65786163745F696E745F63757204A451000015000000000D056E75726273040100000015000000000402000000060000000000000000040100000006E8FFFFFFFFFF2B40040100000006000000000000164006000000
310
0000A054400600000000000010C006000000000000F03F060000000000001640060000000000A0544006FFFFFFFFFFFF31C006000000000000F03F0600000000000000000D0C6E756C6C5F737572666163650D0C6E756C6C5F737572666163650D066E756C6C62730D066E756C6C62730B0B04000000000400000000040000
310
000004000000000A0600000000000000000A06E8FFFFFFFFFF2B4015000000001500000000100A0600000000000000000A06E8FFFFFFFFFF2B40110D067665727465780CFFFFFFFF04FFFFFFFF0CFFFFFFFF0C2701000004020000000CA3010000110E08696E7463757276650D0563757276650CFFFFFFFF04FFFFFFFF0CFF
310
FFFFFF0B0F0D0D65786163745F696E745F63757204A451000015000000000D056E757262730401000000150000000004020000000600000000000000000401000000060000000000002C400401000000060000000000002B40060000000000A054400600000000000010C006000000000000F03F060000000000002B400600
310
00000000A054400600000000000032C006000000000000F03F0600000000000000000D0C6E756C6C5F737572666163650D0C6E756C6C5F737572666163650D066E756C6C62730D066E756C6C62730B0B04000000000400000000040000000004000000000A0600000000000000000A060000000000002C4015000000001500
310
000000100A0600000000000000000A060000000000002C40110D04656467650CFFFFFFFF04FFFFFFFF0CFFFFFFFF0C3401000006182D4454FB2129C00C320100000600000000000000000C2B0100000CA40100000B0707756E6B6E6F776E110D067063757276650CFFFFFFFF04FFFFFFFF0CFFFFFFFF04000000000B0F0D0B
310
6578705F7061725F6375720D046E75627304010000001500000000040200000006182D4454FB2129C00401000000060000000000000000040100000006000000000000000006182D4454FB2129400600000000000000000600000000000000000600000000000000000D0673706C696E650B0F0D03726566044D000000100A
310
0600000000000000000A060000000000002C400A0600000000000000000A06182D4454FB21294010060000000000000000060000000000000000110E0673706C696E650D07737572666163650CFFFFFFFF04FFFFFFFF0CFFFFFFFF0B0F0D03726566044D000000100A0600000000000000000A060000000000002C400A0600
310
000000000000000A06182D4454FB212940110D067063757276650CFFFFFFFF04FFFFFFFF0CFFFFFFFF04000000000B0F0D0B6578705F7061725F6375720D056E7572627304020000001500000000040300000006182D4454FB212940040200000006D221337F7CD93240040200000006182D4454FB21394004020000000600
310
000000000010C006000000000000000006000000000000F03F06D1FFFFFFFFFF0FC00624000000000010C006CD3B7F669EA0E63F06000000000000003D0600000000000010C006000000000000F03F06040000000000104006EEFFFFFFFFFF0FC006CD3B7F669EA0E63F06010000000000104006000000000000203D060000
310
00000000F03F0600000000000000000D05706C616E6513325C8FC2F5282D403D0AD7A3704D6B4000000000000010C01400000000000000000000000000000000000000000000F0BF14000000000000F0BF000000000000000000000000000000000B0B0B0B0B10060000000000000000060000000000000000110E08696E74
310
63757276650D0563757276650CFFFFFFFF04FFFFFFFF0CFFFFFFFF0B0F0D0D65786163745F696E745F63757204A451000015000000000D056E7572627304020000001500000000040300000006182D4454FB2139C0040200000006D221337F7CD932C0040200000006182D4454FB2129C00402000000060000000000001640
310
060000000000F06B400600000000000010C006000000000000F03F060400000000001640060000000000706B400624000000000010C006CD3B7F669EA0E63F060000000000002340060000000000706B400600000000000010C006000000000000F03F06F9FFFFFFFFFF2A40060000000000706B400624000000000010C006
310
CD3B7F669EA0E63F060000000000002B40060000000000F06B400600000000000010C006000000000000F03F0600000000000000000D0C6E756C6C5F737572666163650D0C6E756C6C5F737572666163650D066E756C6C62730D066E756C6C62730B0B04000000000400000000040000000004000000000A06182D4454FB21
310
39C00A06182D4454FB2129C015000000001500000000100A06182D4454FB2139C00A06182D4454FB2129C0110D05706F696E740CFFFFFFFF04FFFFFFFF0CFFFFFFFF1300000000000016400000000000F06B4000000000000010C0110D05706F696E740CFFFFFFFF04FFFFFFFF0CFFFFFFFF130000000000002B4000000000
310
00F06B4000000000000010C0110D046C6F6F700CFFFFFFFF04FFFFFFFF0CFFFFFFFF0CFFFFFFFF0C9C0100000C3C010000110E05706C616E650D07737572666163650CFFFFFFFF04FFFFFFFF0CFFFFFFFF13295C8FC2F5282D407B14AE47E15A534000000000000010C0140000000000000000000000000000000000000000
310
0000F0BF14000000000000F0BF000000000000000000000000000000000B0B0B0B0B110D067063757276650CFFFFFFFF04FFFFFFFF0CFFFFFFFF04000000000B0F0D0B6578705F7061725F6375720D056E75726273040200000015000000000403000000060000000000000000040200000006182D4454FB21194004020000
310
0006182D4454FB212940040200000006010000000000104006000000000000203D06000000000000F03F06E9FFFFFFFFFF0F4006EEFFFFFFFFFF0F4006CD3B7F669EA0E63F0600000000000000BD06000000000000104006000000000000F03F06F3FFFFFFFFFF0FC00693FFFFFFFFFF0F4006CD3B7F669EA0E63F06000000
310
00000010C006000000000000000006000000000000F03F0600000000000000000D05706C616E6513325C8FC2F5282D403D0AD7A3704D6B4000000000000010C01400000000000000000000000000000000000000000000F0BF14000000000000F0BF000000000000000000000000000000000B0B0B0B0B1006000000000000
310
0000060000000000000000110D046C6F6F700CFFFFFFFF04FFFFFFFF0CFFFFFFFF0CA50100000CA60100000C16000000110D06636F656467650CFFFFFFFF04FFFFFFFF0CFFFFFFFF0CA70100000CA70100000CA80100000CA90100000B0C4001000004000000000CAA010000110D06636F656467650CFFFFFFFF04FFFFFFFF
310
0CFFFFFFFF0C410100000C410100000CAB0100000CAC0100000A0C0F01000004000000000CAD010000110D06636F656467650CFFFFFFFF04FFFFFFFF0CFFFFFFFF0CAE0100000CAF0100000C410100000C760100000B0CB001000004000000000CB1010000110D04656467650CFFFFFFFF04FFFFFFFF0CFFFFFFFF0CB20100
310
0006182D4454FB2129400CB301000006182D4454FB2139400C750100000CB40100000B0707756E6B6E6F776E110D067063757276650CFFFFFFFF04FFFFFFFF0CFFFFFFFF04000000000B0F0D0B6578705F7061725F6375720D056E7572627304020000001500000000040300000006182D4454FB2139C0040200000006D221
310
337F7CD932C0040200000006182D4454FB2129C004020000000600000000000048C006000000000060684006000000000000F03F0602000000000046C006010000000060684006CD3B7F669EA0E63F0600000000000046C0060000000000E0674006000000000000F03F0602000000000046C006FFFFFFFFFF5F674006CD3B
310
7F669EA0E63F0600000000000048C006000000000060674006000000000000F03F0600000000000000000D05706C616E6513000000000000F0BF000000000000F0BF00000000000032C01400000000000000000000000000000000000000000000F0BF140000000000000000000000000000F03F00000000000000000B0B0B
310
0B0B10060000000000000000060000000000000000110D06636F656467650CFFFFFFFF04FFFFFFFF0CFFFFFFFF0CB50100000CB60100000C420100000C790100000B0CB701000004000000000CB8010000110D04656467650CFFFFFFFF04FFFFFFFF0CFFFFFFFF0C800100000600000000000000000C7F01000006182D4454
310
FB2129400C780100000CB90100000B0707756E6B6E6F776E110D067063757276650CFFFFFFFF04FFFFFFFF0CFFFFFFFF04000000000B0F0D0B6578705F7061725F6375720D056E7572627304020000001500000000040300000006182D4454FB2129C0040200000006182D4454FB2119C00402000000060000000000000000
310
040200000006000000000040574006000000000060674006000000000000F03F06FFFFFFFFFF3F564006FFFFFFFFFF5F674006CD3B7F669EA0E63F060000000000405640060000000000E0674006000000000000F03F06FFFFFFFFFF3F564006010000000060684006CD3B7F669EA0E63F0600000000004057400600000000
310
0060684006000000000000F03F0600000000000000000D05706C616E6513000000000000F0BF000000000000F0BF00000000000032C01400000000000000000000000000000000000000000000F0BF140000000000000000000000000000F03F00000000000000000B0B0B0B0B100600000000000000000600000000000000
310
00110D06636F656467650CFFFFFFFF04FFFFFFFF0CFFFFFFFF0CBA0100000C430100000CB60100000CBB0100000A0C7D01000004000000000CBC010000110D06636F656467650CFFFFFFFF04FFFFFFFF0CFFFFFFFF0C430100000CBA0100000CB50100000CBD0100000B0C7D01000004000000000CBE010000110D046C6F6F
310
700CFFFFFFFF04FFFFFFFF0CFFFFFFFF0CFFFFFFFF0C7C0100000CBF010000110D067063757276650CFFFFFFFF04FFFFFFFF0CFFFFFFFF04000000000B0F0D0B6578705F7061725F6375720D046E75627304010000001500000000040200000006182D4454FB212940040100000006182D4454FB2139400401000000060000
310
000000002C4006182D4454FB212940060000000000002C4006182D4454FB2139400600000000000000000D0673706C696E650B0F0D0D65786163745F73706C5F73757204A451000015000000000D056E75726273040100000004020000000D04626F7468150000000015000000001500000000150000000004020000000403
310
0000000600000000000000000401000000060000000000002C40040100000006182D4454FB212940040200000006D221337F7CD93240040200000006182D4454FB2139400402000000060000000000387840060000000000F06B400600000000000010C006000000000000F03F060000000000387840060000000000F06B40
310
0600000000000032C006000000000000F03F06FFFFFFFFFF37784006FFFFFFFFFF6F6C400624000000000010C006CD3B7F669EA0E63F06FFFFFFFFFF37784006FFFFFFFFFF6F6C400601000000000032C006CD3B7F669EA0E63F060000000000787840060000000000706C400600000000000010C006000000000000F03F06
310
0000000000787840060000000000706C400600000000000032C006000000000000F03F060100000000B8784006FFFFFFFFFF6F6C400624000000000010C006CD3B7F669EA0E63F060100000000B8784006FFFFFFFFFF6F6C400601000000000032C006CD3B7F669EA0E63F060000000000B87840060000000000F06B400600
310
000000000010C006000000000000F03F060000000000B87840060000000000F06B400600000000000032C006000000000000F03F0600000000000000000400000000040000000004000000000400000000040000000004000000000B0A0600000000000000000A060000000000002C400A06182D4454FB2129400A06182D44
310
54FB2139401501000000100A0600000000000000000A060000000000002C400A06182D4454FB2129400A06182D4454FB21394010060000000000000000060000000000000000110D067665727465780CFFFFFFFF04FFFFFFFF0CFFFFFFFF0CBD01000004020000000CC0010000110D067665727465780CFFFFFFFF04FFFFFF
310
FF0CFFFFFFFF0C7901000004020000000CC1010000110E08696E7463757276650D0563757276650CFFFFFFFF04FFFFFFFF0CFFFFFFFF0B0F0D0D65786163745F696E745F63757204A451000015000000000D056E7572627304020000001500000000040300000006182D4454FB212940040200000006D221337F7CD9324004
310
0200000006182D4454FB2139400402000000060000000000387840060000000000F06B400600000000000032C006000000000000F03F06FFFFFFFFFF37784006FFFFFFFFFF6F6C400601000000000032C006CD3B7F669EA0E63F060000000000787840060000000000706C400600000000000032C006000000000000F03F06
310
0100000000B8784006FFFFFFFFFF6F6C400601000000000032C006CD3B7F669EA0E63F060000000000B87840060000000000F06B400600000000000032C006000000000000F03F0600000000000000000D0C6E756C6C5F737572666163650D0C6E756C6C5F737572666163650D066E756C6C62730D066E756C6C62730B0B04
310
000000000400000000040000000004000000000A06182D4454FB2129400A06182D4454FB21394015000000001500000000100A06182D4454FB2129400A06182D4454FB213940110D06636F656467650CFFFFFFFF04FFFFFFFF0CFFFFFFFF0CC20100000C460100000C4A0100000C8A0100000B0C8401000004000000000CC3
310
010000110D06636F656467650CFFFFFFFF04FFFFFFFF0CFFFFFFFF0C460100000CC20100000C490100000C880100000A0C8401000004000000000CC4010000110D046C6F6F700CFFFFFFFF04FFFFFFFF0CFFFFFFFF0CFFFFFFFF0C820100000CC5010000110D067063757276650CFFFFFFFF04FFFFFFFF0CFFFFFFFF040000
310
00000B0F0D0B6578705F7061725F6375720D046E75627304010000001500000000040200000006182D4454FB2119C0040100000006182D4454FB2109C0040100000006000000000000000006182D4454FB21194006000000000000000006182D4454FB2109400600000000000000000D0673706C696E650B0F0D0D65786163
310
745F73706C5F73757204A451000015000000000D056E75726273040100000004020000000D04626F74681500000000150000000015000000001500000000040200000004030000000600000000000000000401000000060000000000002240040100000006182D4454FB210940040200000006D221337F7CD9124004020000
310
0006182D4454FB2119400402000000060000000000787840060000000000804A400600000000000032C006000000000000F03F060000000000787840060000000000804A400600000000000022C006000000000000F03F060000000000507840060000000000804A400600000000000032C006CD3B7F669EA0E63F06000000
310
0000507840060000000000804A400600000000000022C006CD3B7F669EA0E63F0600000000005078400600000000004049400600000000000032C006000000000000F03F0600000000005078400600000000004049400600000000000022C006000000000000F03F0600000000005078400600000000000048400600000000
310
000032C006CD3B7F669EA0E63F0600000000005078400600000000000048400600000000000022C006CD3B7F669EA0E63F0600000000007878400600000000000048400600000000000032C006000000000000F03F0600000000007878400600000000000048400600000000000022C006000000000000F03F060000000000
310
0000000400000000040000000004000000000400000000040000000004000000000B0A0600000000000000000A0600000000000022400A06182D4454FB2109400A06182D4454FB2119401501000000100A0600000000000000000A0600000000000022400A06182D4454FB2109400A06182D4454FB21194010060000000000
310
000000060000000000000000110E08696E7463757276650D0563757276650CFFFFFFFF04FFFFFFFF0CFFFFFFFF0B0F0D0D65786163745F696E745F63757204A451000015000000000D056E7572627304020000001500000000040300000006182D4454FB210940040200000006D221337F7CD91240040200000006182D4454
310
FB2119400402000000060000000000787840060000000000804A400600000000000032C006000000000000F03F060000000000507840060000000000804A400600000000000032C006CD3B7F669EA0E63F0600000000005078400600000000004049400600000000000032C006000000000000F03F06000000000050784006
310
00000000000048400600000000000032C006CD3B7F669EA0E63F0600000000007878400600000000000048400600000000000032C006000000000000F03F0600000000000000000D0C6E756C6C5F737572666163650D0C6E756C6C5F737572666163650D066E756C6C62730D066E756C6C62730B0B04000000000400000000
310
040000000004000000000A06182D4454FB2109400A06182D4454FB21194015000000001500000000100A06182D4454FB2109400A06182D4454FB211940110D06636F656467650CFFFFFFFF04FFFFFFFF0CFFFFFFFF0C4A0100000C490100000CC60100000CC70100000A0C4B01000004000000000CC8010000110D04656467
310
650CFFFFFFFF04FFFFFFFF0CFFFFFFFF0C4D0100000600000000000000000CC90100000600000000000022400C830100000CCA0100000B0707756E6B6E6F776E110D067063757276650CFFFFFFFF04FFFFFFFF0CFFFFFFFF04000000000B0F0D0B6578705F7061725F6375720D046E75627304010000001500000000040200
310
0000060000000000000000040100000006000000000000224004010000000600000000000000000600000000000000000600000000000022400600000000000000000600000000000000000D0673706C696E650B0F0D03726566046E000000100A0600000000000000000A0600000000000022400A0600000000000000000A
310
06182D4454FB21094010060000000000000000060000000000000000110D04656467650CFFFFFFFF04FFFFFFFF0CFFFFFFFF0C4E0100000600000000000000000CCB0100000600000000000022400C4A0100000CCC0100000B0707756E6B6E6F776E110D067063757276650CFFFFFFFF04FFFFFFFF0CFFFFFFFF0400000000
310
0B0F0D0B6578705F7061725F6375720D046E7562730401000000150000000004020000000600000000000022C00401000000060000000000000000040100000006000000000000224006182D4454FB21094006000000000000000006182D4454FB2109400600000000000000000D0673706C696E650B0F0D03726566046E00
310
0000100A0600000000000000000A0600000000000022400A0600000000000000000A06182D4454FB21094010060000000000000000060000000000000000110D04666163650CFFFFFFFF04FFFFFFFF0CFFFFFFFF0CCD0100000C4B0100000C040000000CFFFFFFFF0CCE0100000B0B110D05706F696E740CFFFFFFFF04FFFF
310
FFFF0CFFFFFFFF130000000000787840000000000000484000000000000032C0110D05706F696E740CFFFFFFFF04FFFFFFFF0CFFFFFFFF1300000000007878400000000000804A4000000000000032C0110D06636F656467650CFFFFFFFF04FFFFFFFF0CFFFFFFFF0C510100000C500100000CCF0100000CD00100000A0C52
310
01000004000000000CD1010000110D067063757276650CFFFFFFFF04FFFFFFFF0CFFFFFFFF04000000000B0F0D0B6578705F7061725F6375720D046E7562730401000000150000000004020000000600000000000000000401000000060000000000002240040100000006000000000000000006182D4454FB210940060000
310
00000000224006182D4454FB2109400600000000000000000D0673706C696E650B0F0D037265660471000000100A0600000000000000000A0600000000000022400A06182D4454FB2109400A06182D4454FB21194010060000000000000000060000000000000000110D067063757276650CFFFFFFFF04FFFFFFFF0CFFFFFF
310
FF04000000000B0F0D0B6578705F7061725F6375720D046E7562730401000000150000000004020000000600000000000022C00401000000060000000000000000040100000006000000000000224006182D4454FB21194006000000000000000006182D4454FB2119400600000000000000000D0673706C696E650B0F0D03
310
7265660471000000100A0600000000000000000A0600000000000022400A06182D4454FB2109400A06182D4454FB21194010060000000000000000060000000000000000110D04666163650CFFFFFFFF04FFFFFFFF0CFFFFFFFF0CC50100000C520100000C040000000CFFFFFFFF0CD20100000B0B110D06636F656467650C
310
FFFFFFFF04FFFFFFFF0CFFFFFFFF0CCF0100000CCF0100000C550100000C940100000B0CD301000004000000000CD4010000110D04656467650CFFFFFFFF04FFFFFFFF0CFFFFFFFF0C9801000006182D4454FB2109C00C960100000600000000000000000C550100000CD50100000B0707756E6B6E6F776E110D0670637572
310
76650CFFFFFFFF04FFFFFFFF0CFFFFFFFF04000000000B0F0D0B6578705F7061725F6375720D046E756273040100000015000000000402000000060000000000000000040100000006182D4454FB210940040100000006000000000000224006000000000000000006000000000000224006182D4454FB2109400600000000
310
000000000D0673706C696E650B0F0D03726566045B000000100A0600000000000000000A0600000000000022400A0600000000000000000A06182D4454FB21094010060000000000000000060000000000000000110D067665727465780CFFFFFFFF04FFFFFFFF0CFFFFFFFF0C5601000004020000000CD6010000110E0869
310
6E7463757276650D0563757276650CFFFFFFFF04FFFFFFFF0CFFFFFFFF0B0F0D0D65786163745F696E745F63757204A451000015000000000D056E7572627304010000001500000000040200000006000000000000000004010000000600000000000022400401000000060000000000787840060000000000A06740060000
310
0000000032C006000000000000F03F060000000000787840060000000000A067400600000000000022C006000000000000F03F0600000000000000000D0C6E756C6C5F737572666163650D0C6E756C6C5F737572666163650D066E756C6C62730D066E756C6C62730B0B04000000000400000000040000000004000000000A
310
0600000000000000000A06000000000000224015000000001500000000100A0600000000000000000A060000000000002240110D067665727465780CFFFFFFFF04FFFFFFFF0CFFFFFFFF0C5801000004020000000CD7010000110E08696E7463757276650D0563757276650CFFFFFFFF04FFFFFFFF0CFFFFFFFF0B0F0D0D65
310
786163745F696E745F63757204A451000015000000000D056E75726273040100000015000000000402000000060000000000000000040100000006000000000000224004010000000600000000007878400600000000004068400600000000000032C006000000000000F03F06000000000078784006000000000040684006
310
00000000000022C006000000000000F03F0600000000000000000D0C6E756C6C5F737572666163650D0C6E756C6C5F737572666163650D066E756C6C62730D066E756C6C62730B0B04000000000400000000040000000004000000000A0600000000000000000A06000000000000224015000000001500000000100A060000
310
0000000000000A060000000000002240110D04666163650CFFFFFFFF04FFFFFFFF0CFFFFFFFF0C8C0100000CD30100000C040000000CFFFFFFFF0CD80100000B0B110E0673706C696E650D07737572666163650CFFFFFFFF04FFFFFFFF0CFFFFFFFF0B0F0D03726566045B000000100A0600000000000000000A0600000000
310
000022400A0600000000000000000A06182D4454FB210940110D06636F656467650CFFFFFFFF04FFFFFFFF0CFFFFFFFF0C610100000C610100000C5D0100000C9D0100000A0C6F01000004000000000CD9010000110D04656467650CFFFFFFFF04FFFFFFFF0CFFFFFFFF0C6601000006182D4454FB2129C00C640100000600
310
000000000000000C5D0100000CDA0100000B0707756E6B6E6F776E110D067063757276650CFFFFFFFF04FFFFFFFF0CFFFFFFFF04000000000B0F0D0B6578705F7061725F6375720D046E75627304010000001500000000040200000006182D4454FB2129C00401000000060000000000000000040100000006000000000000
310
000006182D4454FB2129400600000000000000000600000000000000000600000000000000000D0673706C696E650B0F0D03726566045E000000100A0600000000000000000A060000000000002C400A0600000000000000000A06182D4454FB21294010060000000000000000060000000000000000110E0673706C696E65
310
0D07737572666163650CFFFFFFFF04FFFFFFFF0CFFFFFFFF0B0F0D03726566045E000000100A0600000000000000000A060000000000002C400A0600000000000000000A06182D4454FB212940110D067063757276650CFFFFFFFF04FFFFFFFF0CFFFFFFFF04000000000B0F0D0B6578705F7061725F6375720D056E757262
310
7304020000001500000000040300000006182D4454FB212940040200000006D221337F7CD93240040200000006182D4454FB21394004020000000600000000000010C006000000000000000006000000000000F03F06E5FFFFFFFFFF0FC0060D000000000010C006CD3B7F669EA0E63F060000000000000000060000000000
310
0010C006000000000000F03F06F6FFFFFFFFFF0F40060D000000000010C006CD3B7F669EA0E63F06000000000000104006000000000000000006000000000000F03F0600000000000000000D05706C616E6513295C8FC2F5282D407B14AE47E15A534000000000000010C01400000000000000000000000000000000000000
310
000000F0BF14000000000000F0BF000000000000000000000000000000000B0B0B0B0B10060000000000000000060000000000000000110E08696E7463757276650D0563757276650CFFFFFFFF04FFFFFFFF0CFFFFFFFF0B0F0D0D65786163745F696E745F63757204A451000015000000000D056E75726273040200000015
310
00000000040300000006182D4454FB2139C0040200000006D221337F7CD932C0040200000006182D4454FB2129C00402000000060000000000001640060000000000A054400600000000000010C006000000000000F03F06040000000000164006FFFFFFFFFF9F53400624000000000010C006CD3B7F669EA0E63F06000000
310
0000002340060000000000A053400600000000000010C006000000000000F03F06F9FFFFFFFFFF2A4006FFFFFFFFFF9F53400624000000000010C006CD3B7F669EA0E63F060000000000002B40060000000000A054400600000000000010C006000000000000F03F0600000000000000000D0C6E756C6C5F73757266616365
310
0D0C6E756C6C5F737572666163650D066E756C6C62730D066E756C6C62730B0B04000000000400000000040000000004000000000A06182D4454FB2139C00A06182D4454FB2129C015000000001500000000100A06182D4454FB2139C00A06182D4454FB2129C0110D05706F696E740CFFFFFFFF04FFFFFFFF0CFFFFFFFF13
310
00000000000016400000000000A0544000000000000010C0110D05706F696E740CFFFFFFFF04FFFFFFFF0CFFFFFFFF130000000000002B400000000000A0544000000000000010C0110E08696E7463757276650D0563757276650CFFFFFFFF04FFFFFFFF0CFFFFFFFF0B0F0D0D65786163745F696E745F63757204A4510000
310
15000000000D056E7572627304020000001500000000040300000006182D4454FB2129C0040200000006182D4454FB2119C004020000000600000000000000000402000000060000000000002B40060000000000F06B400600000000000010C006000000000000F03F06F9FFFFFFFFFF2A4006FFFFFFFFFF6F6C4006240000
310
00000010C006CD3B7F669EA0E63F060000000000002340060000000000706C400600000000000010C006000000000000F03F06040000000000164006FFFFFFFFFF6F6C400624000000000010C006CD3B7F669EA0E63F060000000000001640060000000000F06B400600000000000010C006000000000000F03F0600000000
310
000000000D0C6E756C6C5F737572666163650D0C6E756C6C5F737572666163650D066E756C6C62730D066E756C6C62730B0B04000000000400000000040000000004000000000A06182D4454FB2129C00A06000000000000000015000000001500000000100A06182D4454FB2129C00A060000000000000000110D046C6F6F
310
700CFFFFFFFF04FFFFFFFF0CFFFFFFFF0CDB0100000CDC0100000C16000000110D06636F656467650CFFFFFFFF04FFFFFFFF0CFFFFFFFF0CDD0100000CDD0100000CDE0100000CDF0100000B0C7201000004000000000CE0010000110D06636F656467650CFFFFFFFF04FFFFFFFF0CFFFFFFFF0C730100000C730100000CE1
310
0100000CE20100000B0C4001000004000000000CE3010000110D06636F656467650CFFFFFFFF04FFFFFFFF0CFFFFFFFF0CE40100000CE50100000C730100000CA90100000A0CE601000004000000000CE7010000110D04656467650CFFFFFFFF04FFFFFFFF0CFFFFFFFF0CE80100000600000000000000000CE90100000618
310
2D4454FB2109400CA80100000CEA0100000B0707756E6B6E6F776E110D067063757276650CFFFFFFFF04FFFFFFFF0CFFFFFFFF04000000000B0F0D0B6578705F7061725F6375720D056E75726273040200000015000000000403000000060000000000000000040200000006182D4454FB21F93F040200000006182D4454FB
310
2109400402000000060000000000C05D4006000000000020544006000000000000F03F06FEFFFFFFFF1F5D4006000000000020544006CD3B7F669EA0E63F060000000000205D40060000000000C0544006000000000000F03F06FEFFFFFFFF1F5D4006030000000060554006CD3B7F669EA0E63F060000000000C05D400600
310
0000000060554006000000000000F03F0600000000000000000D05706C616E6513000000000000F0BF000000000000F0BF00000000000032C01400000000000000000000000000000000000000000000F0BF140000000000000000000000000000F03F00000000000000000B0B0B0B0B100600000000000000000600000000
310
00000000110D06636F656467650CFFFFFFFF04FFFFFFFF0CFFFFFFFF0CEB0100000CEC0100000C740100000CAC0100000B0CED01000004000000000CEE010000110D04656467650CFFFFFFFF04FFFFFFFF0CFFFFFFFF0CB30100000600000000000000000CB201000006182D4454FB2129400CAB0100000CEF0100000B0707
310
756E6B6E6F776E110D067063757276650CFFFFFFFF04FFFFFFFF0CFFFFFFFF04000000000B0F0D0B6578705F7061725F6375720D056E7572627304020000001500000000040300000006182D4454FB2129C0040200000006182D4454FB2119C0040200000006000000000000000004020000000600000000000048C0060000
310
00000060674006000000000000F03F060200000000004AC006FFFFFFFFFF5F674006CD3B7F669EA0E63F060000000000004AC0060000000000E0674006000000000000F03F060200000000004AC006010000000060684006CD3B7F669EA0E63F0600000000000048C006000000000060684006000000000000F03F06000000
310
00000000000D05706C616E6513000000000000F0BF000000000000F0BF00000000000032C01400000000000000000000000000000000000000000000F0BF140000000000000000000000000000F03F00000000000000000B0B0B0B0B10060000000000000000060000000000000000110D06636F656467650CFFFFFFFF04FF
310
FFFFFF0CFFFFFFFF0CF00100000C750100000CEC0100000CF10100000A0CB001000004000000000CF2010000110D06636F656467650CFFFFFFFF04FFFFFFFF0CFFFFFFFF0C750100000CF00100000CEB0100000CF30100000B0CB001000004000000000CF4010000110D046C6F6F700CFFFFFFFF04FFFFFFFF0CFFFFFFFF0C
310
FFFFFFFF0CAF0100000CF5010000110D067063757276650CFFFFFFFF04FFFFFFFF0CFFFFFFFF04000000000B0F0D0B6578705F7061725F6375720D046E75627304010000001500000000040200000006182D4454FB212940040100000006182D4454FB2139400401000000060000000000002C4006182D4454FB2129400600
310
00000000002C4006182D4454FB2139400600000000000000000D0673706C696E650B0F0D0D65786163745F73706C5F73757204A451000015000000000D056E75726273040100000004020000000D04626F74681500000000150000000015000000001500000000040200000004030000000600000000000000000401000000
310
060000000000002C40040100000006182D4454FB212940040200000006D221337F7CD93240040200000006182D4454FB2139400402000000060000000000387840060000000000A054400600000000000010C006000000000000F03F060000000000387840060000000000A054400600000000000032C006000000000000F0
310
3F06FFFFFFFFFF37784006FFFFFFFFFF9F55400624000000000010C006CD3B7F669EA0E63F06FFFFFFFFFF37784006FFFFFFFFFF9F55400601000000000032C006CD3B7F669EA0E63F060000000000787840060000000000A055400600000000000010C006000000000000F03F060000000000787840060000000000A05540
310
0600000000000032C006000000000000F03F060100000000B8784006FFFFFFFFFF9F55400624000000000010C006CD3B7F669EA0E63F060100000000B8784006FFFFFFFFFF9F55400601000000000032C006CD3B7F669EA0E63F060000000000B87840060000000000A054400600000000000010C006000000000000F03F06
310
0000000000B87840060000000000A054400600000000000032C006000000000000F03F0600000000000000000400000000040000000004000000000400000000040000000004000000000B0A0600000000000000000A060000000000002C400A06182D4454FB2129400A06182D4454FB2139401501000000100A0600000000
310
000000000A060000000000002C400A06182D4454FB2129400A06182D4454FB21394010060000000000000000060000000000000000110D067665727465780CFFFFFFFF04FFFFFFFF0CFFFFFFFF0CF301000004020000000CF6010000110D067665727465780CFFFFFFFF04FFFFFFFF0CFFFFFFFF0CAC01000004020000000C
310
F7010000110E08696E7463757276650D0563757276650CFFFFFFFF04FFFFFFFF0CFFFFFFFF0B0F0D0D65786163745F696E745F63757204A451000015000000000D056E7572627304020000001500000000040300000006182D4454FB212940040200000006D221337F7CD93240040200000006182D4454FB21394004020000
310
00060000000000387840060000000000A054400600000000000032C006000000000000F03F06FFFFFFFFFF37784006FFFFFFFFFF9F55400601000000000032C006CD3B7F669EA0E63F060000000000787840060000000000A055400600000000000032C006000000000000F03F060100000000B8784006FFFFFFFFFF9F5540
310
0601000000000032C006CD3B7F669EA0E63F060000000000B87840060000000000A054400600000000000032C006000000000000F03F0600000000000000000D0C6E756C6C5F737572666163650D0C6E756C6C5F737572666163650D066E756C6C62730D066E756C6C62730B0B040000000004000000000400000000040000
310
00000A06182D4454FB2129400A06182D4454FB21394015000000001500000000100A06182D4454FB2129400A06182D4454FB213940110D06636F656467650CFFFFFFFF04FFFFFFFF0CFFFFFFFF0CF80100000C780100000C7C0100000CBD0100000A0CB701000004000000000CF9010000110D06636F656467650CFFFFFFFF
310
04FFFFFFFF0CFFFFFFFF0C780100000CF80100000C7B0100000CBB0100000B0CB701000004000000000CFA010000110D046C6F6F700CFFFFFFFF04FFFFFFFF0CFFFFFFFF0CFFFFFFFF0CF80100000CFB010000110D067063757276650CFFFFFFFF04FFFFFFFF0CFFFFFFFF04000000000B0F0D0B6578705F7061725F637572
310
0D046E756273040100000015000000000402000000060000000000000000040100000006182D4454FB212940040100000006FFFFFFFFFFFF2B40060000000000000000060000000000002C4006182D4454FB2129400600000000000000000D0673706C696E650B0F0D0D65786163745F73706C5F73757204A4510000150000
310
00000D056E75726273040100000004020000000D04626F74681500000000150000000015000000001500000000040200000004030000000600000000000000000401000000060000000000002C400401000000060000000000000000040200000006182D4454FB211940040200000006182D4454FB21294004020000000600
310
00000000B87840060000000000F06B400600000000000010C006000000000000F03F060000000000B87840060000000000F06B400600000000000032C006000000000000F03F060100000000B87840060000000000706B400624000000000010C006CD3B7F669EA0E63F060100000000B87840060000000000706B40060100
310
0000000032C006CD3B7F669EA0E63F060000000000787840060000000000706B400600000000000010C006000000000000F03F060000000000787840060000000000706B400600000000000032C006000000000000F03F06FFFFFFFFFF377840060000000000706B400624000000000010C006CD3B7F669EA0E63F06FFFFFF
310
FFFF377840060000000000706B400601000000000032C006CD3B7F669EA0E63F060000000000387840060000000000F06B400600000000000010C006000000000000F03F060000000000387840060000000000F06B400600000000000032C006000000000000F03F0600000000000000000400000000040000000004000000
310
000400000000040000000004000000000B0A0600000000000000000A060000000000002C400A0600000000000000000A06182D4454FB2129401501000000100A0600000000000000000A060000000000002C400A0600000000000000000A06182D4454FB21294010060000000000000000060000000000000000110E08696E
310
7463757276650D0563757276650CFFFFFFFF04FFFFFFFF0CFFFFFFFF0B0F0D0D65786163745F696E745F63757204A451000015000000000D056E75726273040200000015000000000403000000060000000000000000040200000006182D4454FB211940040200000006182D4454FB2129400402000000060000000000B878
310
40060000000000F06B400600000000000032C006000000000000F03F060100000000B87840060000000000706B400601000000000032C006CD3B7F669EA0E63F060000000000787840060000000000706B400600000000000032C006000000000000F03F06FFFFFFFFFF377840060000000000706B400601000000000032C0
310
06CD3B7F669EA0E63F060000000000387840060000000000F06B400600000000000032C006000000000000F03F0600000000000000000D0C6E756C6C5F737572666163650D0C6E756C6C5F737572666163650D066E756C6C62730D066E756C6C62730B0B04000000000400000000040000000004000000000A060000000000
310
0000000A06182D4454FB21294015000000001500000000100A0600000000000000000A06182D4454FB212940110D06636F656467650CFFFFFFFF04FFFFFFFF0CFFFFFFFF0C7C0100000C7B0100000CFC0100000CFD0100000B0C7D01000004000000000CFE010000110D04656467650CFFFFFFFF04FFFFFFFF0CFFFFFFFF0C
310
FF0100000600000000000000000C8001000006E8FFFFFFFFFF2B400CB60100000C000200000B0707756E6B6E6F776E110D067063757276650CFFFFFFFF04FFFFFFFF0CFFFFFFFF04000000000B0F0D0B6578705F7061725F6375720D046E75627304010000001500000000040200000006E8FFFFFFFFFF2BC0040100000006
310
00000000000000000401000000060000000000002C4006182D4454FB21394006000000000000000006182D4454FB2139400600000000000000000D0673706C696E650B0F0D037265660481000000100A0600000000000000000A060000000000002C400A06182D4454FB2129400A06182D4454FB2139401006000000000000
310
0000060000000000000000110D04656467650CFFFFFFFF04FFFFFFFF0CFFFFFFFF0C010200000600000000000000000C7F010000060000000000002C400C7C0100000C020200000B0707756E6B6E6F776E110D067063757276650CFFFFFFFF04FFFFFFFF0CFFFFFFFF04000000000B0F0D0B6578705F7061725F6375720D04
310
6E7562730401000000150000000004020000000600000000000000000401000000060000000000002C40040100000006000000000000000006182D4454FB212940060000000000002C4006182D4454FB2129400600000000000000000D0673706C696E650B0F0D037265660481000000100A0600000000000000000A060000
310
000000002C400A06182D4454FB2129400A06182D4454FB21394010060000000000000000060000000000000000110D04666163650CFFFFFFFF04FFFFFFFF0CFFFFFFFF0C030200000C7D0100000C040000000CFFFFFFFF0C040200000B0B110D05706F696E740CFFFFFFFF04FFFFFFFF0CFFFFFFFF13000000000038784000
310
00000000F06B4000000000000032C0110D05706F696E740CFFFFFFFF04FFFFFFFF0CFFFFFFFF130000000000B878400000000000F06B40FFFFFFFFFFFF31C0110D06636F656467650CFFFFFFFF04FFFFFFFF0CFFFFFFFF0C830100000C820100000C050200000C060200000A0C8401000004000000000C07020000110D0670
310
63757276650CFFFFFFFF04FFFFFFFF0CFFFFFFFF04000000000B0F0D0B6578705F7061725F6375720D046E7562730401000000150000000004020000000600000000000000000401000000060000000000002240040100000006000000000000000006182D4454FB21094006000000000000224006182D4454FB2109400600
310
000000000000000D0673706C696E650B0F0D037265660484000000100A0600000000000000000A0600000000000022400A06182D4454FB2109400A06182D4454FB21194010060000000000000000060000000000000000110D067063757276650CFFFFFFFF04FFFFFFFF0CFFFFFFFF04000000000B0F0D0B6578705F706172
310
5F6375720D046E7562730401000000150000000004020000000600000000000022C00401000000060000000000000000040100000006000000000000224006182D4454FB21194006000000000000000006182D4454FB2119400600000000000000000D0673706C696E650B0F0D037265660484000000100A06000000000000
310
00000A0600000000000022400A06182D4454FB2109400A06182D4454FB21194010060000000000000000060000000000000000110D04666163650CFFFFFFFF04FFFFFFFF0CFFFFFFFF0CFB0100000C840100000C040000000CFFFFFFFF0C080200000B0B110D06636F656467650CFFFFFFFF04FFFFFFFF0CFFFFFFFF0C0502
310
00000C050200000C870100000CC70100000B0C0902000004000000000C0A020000110D04656467650CFFFFFFFF04FFFFFFFF0CFFFFFFFF0CCB01000006182D4454FB2109C00CC90100000600000000000000000C870100000C0B0200000B0707756E6B6E6F776E110D067063757276650CFFFFFFFF04FFFFFFFF0CFFFFFFFF
310
04000000000B0F0D0B6578705F7061725F6375720D046E756273040100000015000000000402000000060000000000000000040100000006182D4454FB210940040100000006000000000000224006000000000000000006000000000000224006182D4454FB2109400600000000000000000D0673706C696E650B0F0D0372
310
6566046E000000100A0600000000000000000A0600000000000022400A0600000000000000000A06182D4454FB21094010060000000000000000060000000000000000110D067665727465780CFFFFFFFF04FFFFFFFF0CFFFFFFFF0C8801000004020000000C0C020000110E08696E7463757276650D0563757276650CFFFF
310
FFFF04FFFFFFFF0CFFFFFFFF0B0F0D0D65786163745F696E745F63757204A451000015000000000D056E75726273040100000015000000000402000000060000000000000000040100000006000000000000224004010000000600000000007878400600000000000048400600000000000032C006000000000000F03F0600
310
000000007878400600000000000048400600000000000022C006000000000000F03F0600000000000000000D0C6E756C6C5F737572666163650D0C6E756C6C5F737572666163650D066E756C6C62730D066E756C6C62730B0B04000000000400000000040000000004000000000A0600000000000000000A06000000000000
310
224015000000001500000000100A0600000000000000000A060000000000002240110D067665727465780CFFFFFFFF04FFFFFFFF0CFFFFFFFF0C8A01000004020000000C0D020000110E08696E7463757276650D0563757276650CFFFFFFFF04FFFFFFFF0CFFFFFFFF0B0F0D0D65786163745F696E745F63757204A4510000
310
15000000000D056E7572627304010000001500000000040200000006000000000000000004010000000600000000000022400401000000060000000000787840060000000000804A400600000000000032C006000000000000F03F060000000000787840060000000000804A400600000000000022C006000000000000F03F
310
0600000000000000000D0C6E756C6C5F737572666163650D0C6E756C6C5F737572666163650D066E756C6C62730D066E756C6C62730B0B04000000000400000000040000000004000000000A0600000000000000000A06000000000000224015000000001500000000100A0600000000000000000A06000000000000224011
310
0D04666163650CFFFFFFFF04FFFFFFFF0CFFFFFFFF0CBF0100000C090200000C040000000CFFFFFFFF0C0E0200000B0B110E0673706C696E650D07737572666163650CFFFFFFFF04FFFFFFFF0CFFFFFFFF0B0F0D03726566046E000000100A0600000000000000000A0600000000000022400A0600000000000000000A0618
310
2D4454FB210940110D06636F656467650CFFFFFFFF04FFFFFFFF0CFFFFFFFF0C930100000C930100000C8F0100000CD00100000B0CD301000004000000000C0F020000110D04656467650CFFFFFFFF04FFFFFFFF0CFFFFFFFF0C9601000006182D4454FB2119C00C9801000006182D4454FB2109C00C8F0100000C10020000
310
0B0707756E6B6E6F776E110D067063757276650CFFFFFFFF04FFFFFFFF0CFFFFFFFF04000000000B0F0D0B6578705F7061725F6375720D046E75627304010000001500000000040200000006182D4454FB210940040100000006182D4454FB211940040100000006000000000000224006182D4454FB210940060000000000
310
00224006182D4454FB2119400600000000000000000D0673706C696E650B0F0D037265660471000000100A0600000000000000000A0600000000000022400A06182D4454FB2109400A06182D4454FB21194010060000000000000000060000000000000000110E0673706C696E650D07737572666163650CFFFFFFFF04FFFF
310
FFFF0CFFFFFFFF0B0F0D037265660471000000100A0600000000000000000A0600000000000022400A06182D4454FB2109400A06182D4454FB211940110D046C6F6F700CFFFFFFFF04FFFFFFFF0CFFFFFFFF0CFFFFFFFF0CCF0100000C9A010000110D067063757276650CFFFFFFFF04FFFFFFFF0CFFFFFFFF04000000000B
310
0F0D0B6578705F7061725F6375720D056E7572627304020000001500000000040300000006182D4454FB2109C0040200000006182D4454FB21F9BF040200000006000000000000000004020000000600000000000004C006000000000000000006000000000000F03F062D000000000004C0062D000000000004C006CD3B7F
310
669EA0E63F0600000000000000000600000000000004C006000000000000F03F06D3FFFFFFFFFF0340062D000000000004C006CD3B7F669EA0E63F06000000000000044006000000000000000006000000000000F03F0600000000000000000D05706C616E6513CDCCCCCCCCB078409A9999999961684000000000000022C0
310
1400000000000000000000000000000000000000000000F0BF140000000000000000000000000000F0BF00000000000000000B0B0B0B0B10060000000000000000060000000000000000110E08696E7463757276650D0563757276650CFFFFFFFF04FFFFFFFF0CFFFFFFFF0B0F0D0D65786163745F696E745F63757204A451
310
000015000000000D056E7572627304020000001500000000040300000006182D4454FB2109C0040200000006182D4454FB21F9BF040200000006000000000000000004020000000600000000007878400600000000004068400600000000000022C006000000000000F03F060000000000A078400600000000004068400600
310
000000000022C006CD3B7F669EA0E63F060000000000A07840060000000000F067400600000000000022C006000000000000F03F060000000000A07840060000000000A067400600000000000022C006CD3B7F669EA0E63F060000000000787840060000000000A067400600000000000022C006000000000000F03F060000
310
0000000000000D0C6E756C6C5F737572666163650D0C6E756C6C5F737572666163650D066E756C6C62730D066E756C6C62730B0B04000000000400000000040000000004000000000A06182D4454FB2109C00A06000000000000000015000000001500000000100A06182D4454FB2109C00A060000000000000000110D0570
310
6F696E740CFFFFFFFF04FFFFFFFF0CFFFFFFFF1300000000007878400000000000A0674000000000000022C0110D05706F696E740CFFFFFFFF04FFFFFFFF0CFFFFFFFF130000000000787840000000000040684000000000000022C0110E05706C616E650D07737572666163650CFFFFFFFF04FFFFFFFF0CFFFFFFFF13CDCC
310
CCCCCCB078409A9999999961684000000000000022C01400000000000000000000000000000000000000000000F0BF140000000000000000000000000000F0BF00000000000000000B0B0B0B0B110D067063757276650CFFFFFFFF04FFFFFFFF0CFFFFFFFF04000000000B0F0D0B6578705F7061725F6375720D056E757262
310
73040200000015000000000403000000060000000000000000040200000006182D4454FB211940040200000006182D4454FB212940040200000006000000000000104006000000000000000006000000000000F03F06F6FFFFFFFFFF0F4006EEFFFFFFFFFF0F4006CD3B7F669EA0E63F060000000000000000060000000000
310
00104006000000000000F03F06E5FFFFFFFFFF0FC006EEFFFFFFFFFF0F4006CD3B7F669EA0E63F0600000000000010C006000000000000000006000000000000F03F0600000000000000000D05706C616E6513295C8FC2F5282D407B14AE47E15A534000000000000010C01400000000000000000000000000000000000000
310
000000F0BF14000000000000F0BF000000000000000000000000000000000B0B0B0B0B10060000000000000000060000000000000000110E08696E7463757276650D0563757276650CFFFFFFFF04FFFFFFFF0CFFFFFFFF0B0F0D0D65786163745F696E745F63757204A451000015000000000D056E75726273040200000015
310
00000000040300000006182D4454FB2129C0040200000006182D4454FB2119C004020000000600000000000000000402000000060000000000002B40060000000000A054400600000000000010C006000000000000F03F06F9FFFFFFFFFF2A4006FFFFFFFFFF9F55400624000000000010C006CD3B7F669EA0E63F06000000
310
0000002340060000000000A055400600000000000010C006000000000000F03F06040000000000164006FFFFFFFFFF9F55400624000000000010C006CD3B7F669EA0E63F060000000000001640060000000000A054400600000000000010C006000000000000F03F0600000000000000000D0C6E756C6C5F73757266616365
310
0D0C6E756C6C5F737572666163650D066E756C6C62730D066E756C6C62730B0B04000000000400000000040000000004000000000A06182D4454FB2129C00A06000000000000000015000000001500000000100A06182D4454FB2129C00A060000000000000000110D046C6F6F700CFFFFFFFF04FFFFFFFF0CFFFFFFFF0CFF
310
FFFFFF0C110200000C16000000110D06636F656467650CFFFFFFFF04FFFFFFFF0CFFFFFFFF0C120200000C120200000C130200000C140200000A0CA501000004000000000C15020000110D06636F656467650CFFFFFFFF04FFFFFFFF0CFFFFFFFF0CA60100000CA60100000C160200000C170200000B0C7201000004000000
310
000C18020000110D06636F656467650CFFFFFFFF04FFFFFFFF0CFFFFFFFF0C190200000C1A0200000CA60100000CDF0100000A0C1B02000004000000000C1C020000110D04656467650CFFFFFFFF04FFFFFFFF0CFFFFFFFF0C1D0200000600000000000000000C1E02000006182D4454FB2109400CDE0100000C1F0200000B
310
0707756E6B6E6F776E110D067063757276650CFFFFFFFF04FFFFFFFF0CFFFFFFFF04000000000B0F0D0B6578705F7061725F6375720D056E75726273040200000015000000000403000000060000000000000000040200000006182D4454FB21F93F040200000006182D4454FB2109400402000000060000000000C05D4006
310
FFFFFFFFFF1F55C006000000000000F03F06FEFFFFFFFF1F5D400600000000002055C006CD3B7F669EA0E63F060000000000205D4006FFFFFFFFFF7F54C006000000000000F03F06FEFFFFFFFF1F5D40060000000000E053C006CD3B7F669EA0E63F060000000000C05D4006FFFFFFFFFFDF53C006000000000000F03F0600
310
000000000000000D05706C616E6513000000000000F0BF000000000000F0BF00000000000032C01400000000000000000000000000000000000000000000F0BF140000000000000000000000000000F03F00000000000000000B0B0B0B0B10060000000000000000060000000000000000110D06636F656467650CFFFFFFFF
310
04FFFFFFFF0CFFFFFFFF0C200200000C210200000CA70100000CE20100000A0C2202000004000000000C23020000110D04656467650CFFFFFFFF04FFFFFFFF0CFFFFFFFF0CE901000006182D4454FB2109400CE801000006182D4454FB2119400CE10100000C240200000B0707756E6B6E6F776E110D067063757276650CFF
310
FFFFFF04FFFFFFFF0CFFFFFFFF04000000000B0F0D0B6578705F7061725F6375720D056E7572627304020000001500000000040300000006182D4454FB210940040200000006D221337F7CD91240040200000006182D4454FB2119400402000000060000000000C05D4006000000000060554006000000000000F03F060100
310
000000605E4006030000000060554006CD3B7F669EA0E63F060000000000605E40060000000000C0544006000000000000F03F060100000000605E4006000000000020544006CD3B7F669EA0E63F060000000000C05D4006000000000020544006000000000000F03F0600000000000000000D05706C616E65130000000000
310
00F0BF000000000000F0BF00000000000032C01400000000000000000000000000000000000000000000F0BF140000000000000000000000000000F03F00000000000000000B0B0B0B0B10060000000000000000060000000000000000110D06636F656467650CFFFFFFFF04FFFFFFFF0CFFFFFFFF0C250200000CA8010000
310
0C210200000C260200000B0CE601000004000000000C27020000110D06636F656467650CFFFFFFFF04FFFFFFFF0CFFFFFFFF0CA80100000C250200000C200200000C280200000A0CE601000004000000000C29020000110D046C6F6F700CFFFFFFFF04FFFFFFFF0CFFFFFFFF0CFFFFFFFF0CA80100000C2A020000110D0670
310
63757276650CFFFFFFFF04FFFFFFFF0CFFFFFFFF04000000000B0F0D0B6578705F7061725F6375720D046E75627304010000001500000000040200000006182D4454FB2109C00401000000060000000000000000040100000006000000000000000006182D4454FB2109400600000000000000000600000000000000000600
310
000000000000000D0673706C696E650B0F0D0D65786163745F73706C5F73757204A451000015000000000D056E75726273040100000004020000000D04626F74681500000000150000000015000000001500000000040200000004030000000600000000000000000401000000060000000000002240040100000006000000
310
0000000000040200000006182D4454FB21F93F040200000006182D4454FB2109400402000000060000000000907140060000000000306F400600000000000032C006000000000000F03F060000000000907140060000000000306F400600000000000022C006000000000000F03F060000000000907140060000000000E06E
310
400600000000000032C006CD3B7F669EA0E63F060000000000907140060000000000E06E400600000000000022C006CD3B7F669EA0E63F060000000000B87140060000000000E06E400600000000000032C006000000000000F03F060000000000B87140060000000000E06E400600000000000022C006000000000000F03F
310
060000000000E07140060000000000E06E400600000000000032C006CD3B7F669EA0E63F060000000000E07140060000000000E06E400600000000000022C006CD3B7F669EA0E63F060000000000E07140060000000000306F400600000000000032C006000000000000F03F060000000000E07140060000000000306F4006
310
00000000000022C006000000000000F03F0600000000000000000400000000040000000004000000000400000000040000000004000000000B0A0600000000000000000A0600000000000022400A0600000000000000000A06182D4454FB2109401501000000100A0600000000000000000A0600000000000022400A060000
310
0000000000000A06182D4454FB21094010060000000000000000060000000000000000110D067665727465780CFFFFFFFF04FFFFFFFF0CFFFFFFFF0CA901000004020000000C2B020000110D067665727465780CFFFFFFFF04FFFFFFFF0CFFFFFFFF0C2802000004020000000C2C020000110E08696E7463757276650D0563
310
757276650CFFFFFFFF04FFFFFFFF0CFFFFFFFF0B0F0D0D65786163745F696E745F63757204A451000015000000000D056E75726273040200000015000000000403000000060000000000000000040200000006182D4454FB21F93F040200000006182D4454FB2109400402000000060000000000907140060000000000306F
310
400600000000000032C006000000000000F03F060000000000907140060000000000E06E400600000000000032C006CD3B7F669EA0E63F060000000000B87140060000000000E06E400600000000000032C006000000000000F03F060000000000E07140060000000000E06E400600000000000032C006CD3B7F669EA0E63F
310
060000000000E07140060000000000306F400600000000000032C006000000000000F03F0600000000000000000D0C6E756C6C5F737572666163650D0C6E756C6C5F737572666163650D066E756C6C62730D066E756C6C62730B0B04000000000400000000040000000004000000000A0600000000000000000A06182D4454
310
FB21094015000000001500000000100A0600000000000000000A06182D4454FB210940110D06636F656467650CFFFFFFFF04FFFFFFFF0CFFFFFFFF0C2D0200000CAB0100000CAF0100000CF30100000A0CED01000004000000000C2E020000110D06636F656467650CFFFFFFFF04FFFFFFFF0CFFFFFFFF0CAB0100000C2D02
310
00000CAE0100000CF10100000B0CED01000004000000000C2F020000110D046C6F6F700CFFFFFFFF04FFFFFFFF0CFFFFFFFF0CFFFFFFFF0C2D0200000C30020000110D067063757276650CFFFFFFFF04FFFFFFFF0CFFFFFFFF04000000000B0F0D0B6578705F7061725F6375720D046E756273040100000015000000000402
310
000000060000000000000000040100000006182D4454FB212940040100000006FFFFFFFFFFFF2B40060000000000000000060000000000002C4006182D4454FB2129400600000000000000000D0673706C696E650B0F0D0D65786163745F73706C5F73757204A451000015000000000D056E75726273040100000004020000
310
000D04626F74681500000000150000000015000000001500000000040200000004030000000600000000000000000401000000060000000000002C400401000000060000000000000000040200000006182D4454FB211940040200000006182D4454FB2129400402000000060000000000B87840060000000000A054400600
310
000000000010C006000000000000F03F060000000000B87840060000000000A054400600000000000032C006000000000000F03F060100000000B8784006FFFFFFFFFF9F53400624000000000010C006CD3B7F669EA0E63F060100000000B8784006FFFFFFFFFF9F53400601000000000032C006CD3B7F669EA0E63F060000
310
000000787840060000000000A053400600000000000010C006000000000000F03F060000000000787840060000000000A053400600000000000032C006000000000000F03F06FFFFFFFFFF37784006FFFFFFFFFF9F53400624000000000010C006CD3B7F669EA0E63F06FFFFFFFFFF37784006FFFFFFFFFF9F534006010000
310
00000032C006CD3B7F669EA0E63F060000000000387840060000000000A054400600000000000010C006000000000000F03F060000000000387840060000000000A054400600000000000032C006000000000000F03F0600000000000000000400000000040000000004000000000400000000040000000004000000000B0A
310
0600000000000000000A060000000000002C400A0600000000000000000A06182D4454FB2129401501000000100A0600000000000000000A060000000000002C400A0600000000000000000A06182D4454FB21294010060000000000000000060000000000000000110E08696E7463757276650D0563757276650CFFFFFFFF
310
04FFFFFFFF0CFFFFFFFF0B0F0D0D65786163745F696E745F63757204A451000015000000000D056E75726273040200000015000000000403000000060000000000000000040200000006182D4454FB211940040200000006182D4454FB2129400402000000060000000000B87840060000000000A054400600000000000032
310
C006000000000000F03F060100000000B8784006FFFFFFFFFF9F53400601000000000032C006CD3B7F669EA0E63F060000000000787840060000000000A053400600000000000032C006000000000000F03F06FFFFFFFFFF37784006FFFFFFFFFF9F53400601000000000032C006CD3B7F669EA0E63F060000000000387840
310
060000000000A054400600000000000032C006000000000000F03F0600000000000000000D0C6E756C6C5F737572666163650D0C6E756C6C5F737572666163650D066E756C6C62730D066E756C6C62730B0B04000000000400000000040000000004000000000A0600000000000000000A06182D4454FB2129401500000000
310
1500000000100A0600000000000000000A06182D4454FB212940110D06636F656467650CFFFFFFFF04FFFFFFFF0CFFFFFFFF0CAF0100000CAE0100000C310200000C320200000B0CB001000004000000000C33020000110D04656467650CFFFFFFFF04FFFFFFFF0CFFFFFFFF0C340200000600000000000000000CB3010000
310
06E8FFFFFFFFFF2B400CEC0100000C350200000B0707756E6B6E6F776E110D067063757276650CFFFFFFFF04FFFFFFFF0CFFFFFFFF04000000000B0F0D0B6578705F7061725F6375720D046E75627304010000001500000000040200000006E8FFFFFFFFFF2BC0040100000006000000000000000004010000000600000000
310
00002C4006182D4454FB21394006000000000000000006182D4454FB2139400600000000000000000D0673706C696E650B0F0D037265660494000000100A0600000000000000000A060000000000002C400A06182D4454FB2129400A06182D4454FB21394010060000000000000000060000000000000000110D0465646765
310
0CFFFFFFFF04FFFFFFFF0CFFFFFFFF0C360200000600000000000000000CB2010000060000000000002C400CAF0100000C370200000B0707756E6B6E6F776E110D067063757276650CFFFFFFFF04FFFFFFFF0CFFFFFFFF04000000000B0F0D0B6578705F7061725F6375720D046E7562730401000000150000000004020000
310
000600000000000000000401000000060000000000002C40040100000006000000000000000006182D4454FB212940060000000000002C4006182D4454FB2129400600000000000000000D0673706C696E650B0F0D037265660494000000100A0600000000000000000A060000000000002C400A06182D4454FB2129400A06
310
182D4454FB21394010060000000000000000060000000000000000110D04666163650CFFFFFFFF04FFFFFFFF0CFFFFFFFF0C380200000CB00100000C040000000CFFFFFFFF0C390200000B0B110D05706F696E740CFFFFFFFF04FFFFFFFF0CFFFFFFFF1300000000003878400000000000A0544000000000000032C0110D05
310
706F696E740CFFFFFFFF04FFFFFFFF0CFFFFFFFF130000000000B878400000000000A05440FFFFFFFFFFFF31C0110D06636F656467650CFFFFFFFF04FFFFFFFF0CFFFFFFFF0CB60100000CB50100000C3A0200000C3B0200000B0CB701000004000000000C3C020000110D067063757276650CFFFFFFFF04FFFFFFFF0CFFFF
310
FFFF04000000000B0F0D0B6578705F7061725F6375720D046E756273040100000015000000000402000000060000000000002CC004010000000600000000000000000401000000060000000000002C4006182D4454FB21294006000000000000000006182D4454FB2129400600000000000000000D0673706C696E650B0F0D
310
037265660497000000100A0600000000000000000A060000000000002C400A0600000000000000000A06182D4454FB21294010060000000000000000060000000000000000110D067063757276650CFFFFFFFF04FFFFFFFF0CFFFFFFFF04000000000B0F0D0B6578705F7061725F6375720D046E7562730401000000150000
310
00000402000000060000000000000000040100000006E8FFFFFFFFFF2B40040100000006000000000000000006000000000000000006FFFFFFFFFFFF2B400600000000000000000600000000000000000D0673706C696E650B0F0D037265660497000000100A0600000000000000000A060000000000002C400A0600000000
310
000000000A06182D4454FB21294010060000000000000000060000000000000000110D04666163650CFFFFFFFF04FFFFFFFF0CFFFFFFFF0C300200000CB70100000C040000000CFFFFFFFF0C3D0200000B0B110D06636F656467650CFFFFFFFF04FFFFFFFF0CFFFFFFFF0C3A0200000C3A0200000CBA0100000CFD0100000A
310
0C3E02000004000000000C3F020000110D04656467650CFFFFFFFF04FFFFFFFF0CFFFFFFFF0CFF01000006182D4454FB2139C00C0102000006182D4454FB2129C00CBA0100000C400200000B0707756E6B6E6F776E110D067063757276650CFFFFFFFF04FFFFFFFF0CFFFFFFFF04000000000B0F0D0B6578705F7061725F63
310
75720D046E75627304010000001500000000040200000006182D4454FB2139C0040100000006182D4454FB2129C0040100000006000000000000000006182D4454FB21394006000000000000000006182D4454FB2129400600000000000000000D0673706C696E650B0F0D037265660481000000100A060000000000000000
310
0A060000000000002C400A06182D4454FB2129400A06182D4454FB21394010060000000000000000060000000000000000110D067665727465780CFFFFFFFF04FFFFFFFF0CFFFFFFFF0CBB01000004020000000C41020000110E08696E7463757276650D0563757276650CFFFFFFFF04FFFFFFFF0CFFFFFFFF0B0F0D0D6578
310
6163745F696E745F63757204A451000015000000000D056E75726273040100000015000000000402000000060000000000000000040100000006E8FFFFFFFFFF2B400401000000060000000000B87840060000000000F06B400600000000000010C006000000000000F03F060000000000B87840060000000000F06B4006FF
310
FFFFFFFFFF31C006000000000000F03F0600000000000000000D0C6E756C6C5F737572666163650D0C6E756C6C5F737572666163650D066E756C6C62730D066E756C6C62730B0B04000000000400000000040000000004000000000A0600000000000000000A06E8FFFFFFFFFF2B4015000000001500000000100A06000000
310
00000000000A06E8FFFFFFFFFF2B40110D067665727465780CFFFFFFFF04FFFFFFFF0CFFFFFFFF0CBD01000004020000000C42020000110E08696E7463757276650D0563757276650CFFFFFFFF04FFFFFFFF0CFFFFFFFF0B0F0D0D65786163745F696E745F63757204A451000015000000000D056E75726273040100000015
310
0000000004020000000600000000000000000401000000060000000000002C400401000000060000000000387840060000000000F06B400600000000000010C006000000000000F03F060000000000387840060000000000F06B400600000000000032C006000000000000F03F0600000000000000000D0C6E756C6C5F7375
310
72666163650D0C6E756C6C5F737572666163650D066E756C6C62730D066E756C6C62730B0B04000000000400000000040000000004000000000A0600000000000000000A060000000000002C4015000000001500000000100A0600000000000000000A060000000000002C40110D04666163650CFFFFFFFF04FFFFFFFF0CFF
310
FFFFFF0CF50100000C3E0200000C040000000CFFFFFFFF0C430200000B0B110E0673706C696E650D07737572666163650CFFFFFFFF04FFFFFFFF0CFFFFFFFF0B0F0D037265660481000000100A0600000000000000000A060000000000002C400A06182D4454FB2129400A06182D4454FB213940110D06636F656467650CFF
310
FFFFFF04FFFFFFFF0CFFFFFFFF0CC60100000CC60100000CC20100000C060200000B0C0902000004000000000C44020000110D04656467650CFFFFFFFF04FFFFFFFF0CFFFFFFFF0CC901000006182D4454FB2119C00CCB01000006182D4454FB2109C00CC20100000C450200000B0707756E6B6E6F776E110D067063757276
310
650CFFFFFFFF04FFFFFFFF0CFFFFFFFF04000000000B0F0D0B6578705F7061725F6375720D046E75627304010000001500000000040200000006182D4454FB210940040100000006182D4454FB211940040100000006000000000000224006182D4454FB21094006000000000000224006182D4454FB211940060000000000
310
0000000D0673706C696E650B0F0D037265660484000000100A0600000000000000000A0600000000000022400A06182D4454FB2109400A06182D4454FB21194010060000000000000000060000000000000000110E0673706C696E650D07737572666163650CFFFFFFFF04FFFFFFFF0CFFFFFFFF0B0F0D0372656604840000
310
00100A0600000000000000000A0600000000000022400A06182D4454FB2109400A06182D4454FB211940110D046C6F6F700CFFFFFFFF04FFFFFFFF0CFFFFFFFF0CFFFFFFFF0C050200000CCD010000110D067063757276650CFFFFFFFF04FFFFFFFF0CFFFFFFFF04000000000B0F0D0B6578705F7061725F6375720D056E75
310
72627304020000001500000000040300000006182D4454FB2109C0040200000006182D4454FB21F9BF040200000006000000000000000004020000000600000000000004C006000000000000303D06000000000000F03F062D000000000004C00678FFFFFFFFFF03C006CD3B7F669EA0E63F0600000000000010BD06000000
310
00000004C006000000000000F03F06D3FFFFFFFFFF0340062D000000000004C006CD3B7F669EA0E63F06000000000000044006000000000000000006000000000000F03F0600000000000000000D05706C616E6513CDCCCCCCCCB078406566666666064B4000000000000022C0140000000000000000000000000000000000
310
0000000000F0BF140000000000000000000000000000F0BF00000000000000000B0B0B0B0B10060000000000000000060000000000000000110E08696E7463757276650D0563757276650CFFFFFFFF04FFFFFFFF0CFFFFFFFF0B0F0D0D65786163745F696E745F63757204A451000015000000000D056E7572627304020000
310
001500000000040300000006182D4454FB2109C0040200000006182D4454FB21F9BF04020000000600000000000000000402000000060000000000787840060000000000804A400600000000000022C006000000000000F03F060000000000A07840060000000000804A400600000000000022C006CD3B7F669EA0E63F0600
310
00000000A078400600000000004049400600000000000022C006000000000000F03F060000000000A078400600000000000048400600000000000022C006CD3B7F669EA0E63F0600000000007878400600000000000048400600000000000022C006000000000000F03F0600000000000000000D0C6E756C6C5F7375726661
310
63650D0C6E756C6C5F737572666163650D066E756C6C62730D066E756C6C62730B0B04000000000400000000040000000004000000000A06182D4454FB2109C00A06000000000000000015000000001500000000100A06182D4454FB2109C00A060000000000000000110D05706F696E740CFFFFFFFF04FFFFFFFF0CFFFFFF
310
FF130000000000787840000000000000484000000000000022C0110D05706F696E740CFFFFFFFF04FFFFFFFF0CFFFFFFFF1300000000007878400000000000804A4000000000000022C0110E05706C616E650D07737572666163650CFFFFFFFF04FFFFFFFF0CFFFFFFFF13CDCCCCCCCCB078406566666666064B4000000000
310
000022C01400000000000000000000000000000000000000000000F0BF140000000000000000000000000000F0BF00000000000000000B0B0B0B0B110D067063757276650CFFFFFFFF04FFFFFFFF0CFFFFFFFF04000000000B0F0D0B6578705F7061725F6375720D056E757262730402000000150000000004030000000618
310
2D4454FB2119C0040200000006D221337F7CD912C0040200000006182D4454FB2109C0040200000006000000000000044006000000000000000006000000000000F03F06D3FFFFFFFFFF0340062D0000000000044006CD3B7F669EA0E63F06000000000000203D06000000000000044006000000000000F03F062D00000000
310
0004C0062D0000000000044006CD3B7F669EA0E63F0600000000000004C006000000000000000006000000000000F03F0600000000000000000D05706C616E6513CDCCCCCCCCB078409A9999999961684000000000000022C01400000000000000000000000000000000000000000000F0BF14000000000000000000000000
310
0000F0BF00000000000000000B0B0B0B0B10060000000000000000060000000000000000110E08696E7463757276650D0563757276650CFFFFFFFF04FFFFFFFF0CFFFFFFFF0B0F0D0D65786163745F696E745F63757204A451000015000000000D056E7572627304020000001500000000040300000006182D4454FB2119C0
310
040200000006D221337F7CD912C0040200000006182D4454FB2109C00402000000060000000000787840060000000000A067400600000000000022C006000000000000F03F060000000000507840060000000000A067400600000000000022C006CD3B7F669EA0E63F060000000000507840060000000000F0674006000000
310
00000022C006000000000000F03F0600000000005078400600000000004068400600000000000022C006CD3B7F669EA0E63F0600000000007878400600000000004068400600000000000022C006000000000000F03F0600000000000000000D0C6E756C6C5F737572666163650D0C6E756C6C5F737572666163650D066E75
310
6C6C62730D066E756C6C62730B0B04000000000400000000040000000004000000000A06182D4454FB2119C00A06182D4454FB2109C015000000001500000000100A06182D4454FB2119C00A06182D4454FB2109C0110D06636F656467650CFFFFFFFF04FFFFFFFF0CFFFFFFFF0C460200000C460200000C470200000C4802
310
00000A0CDB01000004000000000C49020000110D06636F656467650CFFFFFFFF04FFFFFFFF0CFFFFFFFF0CDC0100000CDC0100000C4A0200000C4B0200000A0CA501000004000000000C4C020000110D06636F656467650CFFFFFFFF04FFFFFFFF0CFFFFFFFF0C4D0200000C4E0200000CDC0100000C140200000B0C4F0200
310
0004000000000C50020000110D04656467650CFFFFFFFF04FFFFFFFF0CFFFFFFFF0C5102000006182D4454FB2129400C5202000006182D4454FB2139400C130200000C530200000B0707756E6B6E6F776E110D067063757276650CFFFFFFFF04FFFFFFFF0CFFFFFFFF04000000000B0F0D0B6578705F7061725F6375720D05
310
6E7572627304020000001500000000040300000006182D4454FB2139C0040200000006D221337F7CD932C0040200000006182D4454FB2129C00402000000060000000000C05C40060000000000C05C4006000000000000F03F060000000000C05C4006FFFFFFFFFFBF5D4006CD3B7F669EA0E63F060000000000C05D400600
310
00000000C05D4006000000000000F03F060100000000C05E4006FFFFFFFFFFBF5D4006CD3B7F669EA0E63F060000000000C05E40060000000000C05C4006000000000000F03F0600000000000000000D05706C616E6513000000000000F0BF000000000000F0BF00000000000032C014000000000000000000000000000000
310
00000000000000F0BF140000000000000000000000000000F03F00000000000000000B0B0B0B0B10060000000000000000060000000000000000110D06636F656467650CFFFFFFFF04FFFFFFFF0CFFFFFFFF0C540200000C550200000CDD0100000C170200000A0C5602000004000000000C57020000110D04656467650CFF
310
FFFFFF04FFFFFFFF0CFFFFFFFF0C1E02000006182D4454FB2109400C1D02000006182D4454FB2119400C160200000C580200000B0707756E6B6E6F776E110D067063757276650CFFFFFFFF04FFFFFFFF0CFFFFFFFF04000000000B0F0D0B6578705F7061725F6375720D056E75726273040200000015000000000403000000
310
06182D4454FB210940040200000006D221337F7CD91240040200000006182D4454FB2119400402000000060000000000C05D4006FFFFFFFFFFDF53C006000000000000F03F060100000000605E40060000000000E053C006CD3B7F669EA0E63F060000000000605E4006FFFFFFFFFF7F54C006000000000000F03F06010000
310
0000605E400600000000002055C006CD3B7F669EA0E63F060000000000C05D4006FFFFFFFFFF1F55C006000000000000F03F0600000000000000000D05706C616E6513000000000000F0BF000000000000F0BF00000000000032C01400000000000000000000000000000000000000000000F0BF1400000000000000000000
310
00000000F03F00000000000000000B0B0B0B0B10060000000000000000060000000000000000110D06636F656467650CFFFFFFFF04FFFFFFFF0CFFFFFFFF0C590200000CDE0100000C550200000C5A0200000B0C1B02000004000000000C5B020000110D06636F656467650CFFFFFFFF04FFFFFFFF0CFFFFFFFF0CDE010000
310
0C590200000C540200000C5C0200000A0C1B02000004000000000C5D020000110D046C6F6F700CFFFFFFFF04FFFFFFFF0CFFFFFFFF0CFFFFFFFF0CDE0100000C5E020000110D067063757276650CFFFFFFFF04FFFFFFFF0CFFFFFFFF04000000000B0F0D0B6578705F7061725F6375720D046E756273040100000015000000
310
00040200000006182D4454FB2109C00401000000060000000000000000040100000006000000000000000006182D4454FB2109400600000000000000000600000000000000000600000000000000000D0673706C696E650B0F0D0D65786163745F73706C5F73757204A451000015000000000D056E75726273040100000004
310
020000000D04626F746815000000001500000000150000000015000000000402000000040300000006000000000000000004010000000600000000000022400401000000060000000000000000040200000006182D4454FB21F93F040200000006182D4454FB2109400402000000060100000000005D40060000000000306F
310
400600000000000032C006000000000000F03F060100000000005D40060000000000306F400600000000000022C006000000000000F03F060000000000005D40060000000000E06E400600000000000032C006CD3B7F669EA0E63F060000000000005D40060000000000E06E400600000000000022C006CD3B7F669EA0E63F
310
060100000000A05D40060000000000E06E400600000000000032C006000000000000F03F060100000000A05D40060000000000E06E400600000000000022C006000000000000F03F060000000000405E40060000000000E06E400600000000000032C006CD3B7F669EA0E63F060000000000405E40060000000000E06E4006
310
00000000000022C006CD3B7F669EA0E63F060100000000405E40060000000000306F400600000000000032C006000000000000F03F060100000000405E40060000000000306F400600000000000022C006000000000000F03F0600000000000000000400000000040000000004000000000400000000040000000004000000
310
000B0A0600000000000000000A0600000000000022400A0600000000000000000A06182D4454FB2109401501000000100A0600000000000000000A0600000000000022400A0600000000000000000A06182D4454FB21094010060000000000000000060000000000000000110D067665727465780CFFFFFFFF04FFFFFFFF0C
310
FFFFFFFF0CDF01000004020000000C5F020000110D067665727465780CFFFFFFFF04FFFFFFFF0CFFFFFFFF0C5C02000004020000000C60020000110E08696E7463757276650D0563757276650CFFFFFFFF04FFFFFFFF0CFFFFFFFF0B0F0D0D65786163745F696E745F63757204A451000015000000000D056E757262730402
310
00000015000000000403000000060000000000000000040200000006182D4454FB21F93F040200000006182D4454FB2109400402000000060100000000005D40060000000000306F400600000000000032C006000000000000F03F060000000000005D40060000000000E06E400600000000000032C006CD3B7F669EA0E63F
310
060100000000A05D40060000000000E06E400600000000000032C006000000000000F03F060000000000405E40060000000000E06E400600000000000032C006CD3B7F669EA0E63F060100000000405E40060000000000306F400600000000000032C006000000000000F03F0600000000000000000D0C6E756C6C5F737572
310
666163650D0C6E756C6C5F737572666163650D066E756C6C62730D066E756C6C62730B0B04000000000400000000040000000004000000000A0600000000000000000A06182D4454FB21094015000000001500000000100A0600000000000000000A06182D4454FB210940110D06636F656467650CFFFFFFFF04FFFFFFFF0C
310
FFFFFFFF0C610200000CE10100000CE50100000C280200000B0C2202000004000000000C62020000110D06636F656467650CFFFFFFFF04FFFFFFFF0CFFFFFFFF0CE10100000C610200000CE40100000C260200000A0C2202000004000000000C63020000110D046C6F6F700CFFFFFFFF04FFFFFFFF0CFFFFFFFF0CFFFFFFFF
310
0C200200000C64020000110D067063757276650CFFFFFFFF04FFFFFFFF0CFFFFFFFF04000000000B0F0D0B6578705F7061725F6375720D046E75627304010000001500000000040200000006182D4454FB2119C0040100000006182D4454FB2109C0040100000006000000000000000006182D4454FB211940060000000000
310
00000006182D4454FB2109400600000000000000000D0673706C696E650B0F0D0D65786163745F73706C5F73757204A451000015000000000D056E75726273040100000004020000000D04626F7468150000000015000000001500000000150000000004020000000403000000060000000000000000040100000006000000
310
0000002240040100000006182D4454FB210940040200000006D221337F7CD91240040200000006182D4454FB2119400402000000060000000000E07140060000000000306F400600000000000032C006000000000000F03F060000000000E07140060000000000306F400600000000000022C006000000000000F03F060000
310
000000E07140060000000000806F400600000000000032C006CD3B7F669EA0E63F060000000000E07140060000000000806F400600000000000022C006CD3B7F669EA0E63F060000000000B87140060000000000806F400600000000000032C006000000000000F03F060000000000B87140060000000000806F4006000000
310
00000022C006000000000000F03F060000000000907140060000000000806F400600000000000032C006CD3B7F669EA0E63F060000000000907140060000000000806F400600000000000022C006CD3B7F669EA0E63F060000000000907140060000000000306F400600000000000032C006000000000000F03F0600000000
310
00907140060000000000306F400600000000000022C006000000000000F03F0600000000000000000400000000040000000004000000000400000000040000000004000000000B0A0600000000000000000A0600000000000022400A06182D4454FB2109400A06182D4454FB2119401501000000100A060000000000000000
310
0A0600000000000022400A06182D4454FB2109400A06182D4454FB21194010060000000000000000060000000000000000110E08696E7463757276650D0563757276650CFFFFFFFF04FFFFFFFF0CFFFFFFFF0B0F0D0D65786163745F696E745F63757204A451000015000000000D056E757262730402000000150000000004
310
0300000006182D4454FB210940040200000006D221337F7CD91240040200000006182D4454FB2119400402000000060000000000E07140060000000000306F400600000000000032C006000000000000F03F060000000000E07140060000000000806F400600000000000032C006CD3B7F669EA0E63F060000000000B87140
310
060000000000806F400600000000000032C006000000000000F03F060000000000907140060000000000806F400600000000000032C006CD3B7F669EA0E63F060000000000907140060000000000306F400600000000000032C006000000000000F03F0600000000000000000D0C6E756C6C5F737572666163650D0C6E756C
310
6C5F737572666163650D066E756C6C62730D066E756C6C62730B0B04000000000400000000040000000004000000000A06182D4454FB2109400A06182D4454FB21194015000000001500000000100A06182D4454FB2109400A06182D4454FB211940110D06636F656467650CFFFFFFFF04FFFFFFFF0CFFFFFFFF0CE5010000
310
0CE40100000C650200000C660200000A0CE601000004000000000C67020000110D04656467650CFFFFFFFF04FFFFFFFF0CFFFFFFFF0CE80100000600000000000000000C680200000600000000000022400C210200000C690200000B0707756E6B6E6F776E110D067063757276650CFFFFFFFF04FFFFFFFF0CFFFFFFFF0400
310
0000000B0F0D0B6578705F7061725F6375720D046E756273040100000015000000000402000000060000000000000000040100000006000000000000224004010000000600000000000000000600000000000000000600000000000022400600000000000000000600000000000000000D0673706C696E650B0F0D03726566
310
04A8000000100A0600000000000000000A0600000000000022400A0600000000000000000A06182D4454FB21094010060000000000000000060000000000000000110D04656467650CFFFFFFFF04FFFFFFFF0CFFFFFFFF0CE90100000600000000000000000C6A0200000600000000000022400CE50100000C6B0200000B07
310
07756E6B6E6F776E110D067063757276650CFFFFFFFF04FFFFFFFF0CFFFFFFFF04000000000B0F0D0B6578705F7061725F6375720D046E7562730401000000150000000004020000000600000000000022C00401000000060000000000000000040100000006000000000000224006182D4454FB2109400600000000000000
310
0006182D4454FB2109400600000000000000000D0673706C696E650B0F0D0372656604A8000000100A0600000000000000000A0600000000000022400A0600000000000000000A06182D4454FB21094010060000000000000000060000000000000000110D04666163650CFFFFFFFF04FFFFFFFF0CFFFFFFFF0C6C0200000C
310
E60100000C040000000CFFFFFFFF0C6D0200000B0B110D05706F696E740CFFFFFFFF04FFFFFFFF0CFFFFFFFF1300000000009071400000000000306F4000000000000032C0110D05706F696E740CFFFFFFFF04FFFFFFFF0CFFFFFFFF130000000000E071400000000000306F4000000000000032C0110D06636F656467650C
310
FFFFFFFF04FFFFFFFF0CFFFFFFFF0CEC0100000CEB0100000C6E0200000C6F0200000B0CED01000004000000000C70020000110D067063757276650CFFFFFFFF04FFFFFFFF0CFFFFFFFF04000000000B0F0D0B6578705F7061725F6375720D046E756273040100000015000000000402000000060000000000002CC0040100
310
00000600000000000000000401000000060000000000002C4006182D4454FB21294006000000000000000006182D4454FB2129400600000000000000000D0673706C696E650B0F0D0372656604AB000000100A0600000000000000000A060000000000002C400A0600000000000000000A06182D4454FB2129401006000000
310
0000000000060000000000000000110D067063757276650CFFFFFFFF04FFFFFFFF0CFFFFFFFF04000000000B0F0D0B6578705F7061725F6375720D046E756273040100000015000000000402000000060000000000000000040100000006E8FFFFFFFFFF2B40040100000006000000000000000006000000000000000006FF
310
FFFFFFFFFF2B400600000000000000000600000000000000000D0673706C696E650B0F0D0372656604AB000000100A0600000000000000000A060000000000002C400A0600000000000000000A06182D4454FB21294010060000000000000000060000000000000000110D04666163650CFFFFFFFF04FFFFFFFF0CFFFFFFFF
310
0C640200000CED0100000C040000000CFFFFFFFF0C710200000B0B110D06636F656467650CFFFFFFFF04FFFFFFFF0CFFFFFFFF0C6E0200000C6E0200000CF00100000C320200000A0C7202000004000000000C73020000110D04656467650CFFFFFFFF04FFFFFFFF0CFFFFFFFF0C3402000006182D4454FB2139C00C360200
310
0006182D4454FB2129C00CF00100000C740200000B0707756E6B6E6F776E110D067063757276650CFFFFFFFF04FFFFFFFF0CFFFFFFFF04000000000B0F0D0B6578705F7061725F6375720D046E75627304010000001500000000040200000006182D4454FB2139C0040100000006182D4454FB2129C0040100000006000000
310
000000000006182D4454FB21394006000000000000000006182D4454FB2129400600000000000000000D0673706C696E650B0F0D037265660494000000100A0600000000000000000A060000000000002C400A06182D4454FB2129400A06182D4454FB21394010060000000000000000060000000000000000110D06766572
310
7465780CFFFFFFFF04FFFFFFFF0CFFFFFFFF0CF101000004020000000C75020000110E08696E7463757276650D0563757276650CFFFFFFFF04FFFFFFFF0CFFFFFFFF0B0F0D0D65786163745F696E745F63757204A451000015000000000D056E75726273040100000015000000000402000000060000000000000000040100
310
000006E8FFFFFFFFFF2B400401000000060000000000B87840060000000000A054400600000000000010C006000000000000F03F060000000000B87840060000000000A0544006FFFFFFFFFFFF31C006000000000000F03F0600000000000000000D0C6E756C6C5F737572666163650D0C6E756C6C5F737572666163650D06
310
6E756C6C62730D066E756C6C62730B0B04000000000400000000040000000004000000000A0600000000000000000A06E8FFFFFFFFFF2B4015000000001500000000100A0600000000000000000A06E8FFFFFFFFFF2B40110D067665727465780CFFFFFFFF04FFFFFFFF0CFFFFFFFF0CF301000004020000000C7602000011
310
0E08696E7463757276650D0563757276650CFFFFFFFF04FFFFFFFF0CFFFFFFFF0B0F0D0D65786163745F696E745F63757204A451000015000000000D056E757262730401000000150000000004020000000600000000000000000401000000060000000000002C400401000000060000000000387840060000000000A05440
310
0600000000000010C006000000000000F03F060000000000387840060000000000A054400600000000000032C006000000000000F03F0600000000000000000D0C6E756C6C5F737572666163650D0C6E756C6C5F737572666163650D066E756C6C62730D066E756C6C62730B0B040000000004000000000400000000040000
310
00000A0600000000000000000A060000000000002C4015000000001500000000100A0600000000000000000A060000000000002C40110D04666163650CFFFFFFFF04FFFFFFFF0CFFFFFFFF0C2A0200000C720200000C040000000CFFFFFFFF0C770200000B0B110E0673706C696E650D07737572666163650CFFFFFFFF04FF
310
FFFFFF0CFFFFFFFF0B0F0D037265660494000000100A0600000000000000000A060000000000002C400A06182D4454FB2129400A06182D4454FB213940110D06636F656467650CFFFFFFFF04FFFFFFFF0CFFFFFFFF0CFC0100000CFC0100000CF80100000C3B0200000A0C3E02000004000000000C78020000110D04656467
310
650CFFFFFFFF04FFFFFFFF0CFFFFFFFF0C0102000006182D4454FB2129C00CFF0100000600000000000000000CF80100000C790200000B0707756E6B6E6F776E110D067063757276650CFFFFFFFF04FFFFFFFF0CFFFFFFFF04000000000B0F0D0B6578705F7061725F6375720D046E75627304010000001500000000040200
310
000006182D4454FB2129C00401000000060000000000000000040100000006000000000000000006182D4454FB2129400600000000000000000600000000000000000600000000000000000D0673706C696E650B0F0D037265660497000000100A0600000000000000000A060000000000002C400A0600000000000000000A
310
06182D4454FB21294010060000000000000000060000000000000000110E0673706C696E650D07737572666163650CFFFFFFFF04FFFFFFFF0CFFFFFFFF0B0F0D037265660497000000100A0600000000000000000A060000000000002C400A0600000000000000000A06182D4454FB212940110D046C6F6F700CFFFFFFFF04
310
FFFFFFFF0CFFFFFFFF0CFFFFFFFF0C3A0200000C03020000110D067063757276650CFFFFFFFF04FFFFFFFF0CFFFFFFFF04000000000B0F0D0B6578705F7061725F6375720D056E7572627304020000001500000000040300000006182D4454FB212940040200000006D221337F7CD93240040200000006182D4454FB213940
310
04020000000600000000000010C006000000000000000006000000000000F03F0624000000000010C006EEFFFFFFFFFF0FC006CD3B7F669EA0E63F0600000000000000000600000000000010C006000000000000F03F06240000000000104006EEFFFFFFFFFF0FC006CD3B7F669EA0E63F0600000000000010400600000000
310
000020BD06000000000000F03F0600000000000000000D05706C616E65131F85EB51B8267840C3F5285C8F926C4000000000000010C01400000000000000000000000000000000000000000000F0BF14000000000000F03F000000000000000000000000000000000B0B0B0B0B100600000000000000000600000000000000
310
00110E08696E7463757276650D0563757276650CFFFFFFFF04FFFFFFFF0CFFFFFFFF0B0F0D0D65786163745F696E745F63757204A451000015000000000D056E7572627304020000001500000000040300000006182D4454FB2139C0040200000006D221337F7CD932C0040200000006182D4454FB2129C004020000000600
310
00000000B87840060000000000F06B400600000000000010C006000000000000F03F060100000000B8784006FFFFFFFFFF6F6C400624000000000010C006CD3B7F669EA0E63F060000000000787840060000000000706C400600000000000010C006000000000000F03F06FFFFFFFFFF37784006FFFFFFFFFF6F6C40062400
310
0000000010C006CD3B7F669EA0E63F060000000000387840060000000000F06B400600000000000010C006000000000000F03F0600000000000000000D0C6E756C6C5F737572666163650D0C6E756C6C5F737572666163650D066E756C6C62730D066E756C6C62730B0B04000000000400000000040000000004000000000A
310
06182D4454FB2139C00A06182D4454FB2129C015000000001500000000100A06182D4454FB2139C00A06182D4454FB2129C0110D05706F696E740CFFFFFFFF04FFFFFFFF0CFFFFFFFF130000000000B878400000000000F06B4000000000000010C0110D05706F696E740CFFFFFFFF04FFFFFFFF0CFFFFFFFF130000000000
310
3878400000000000F06B4000000000000010C0110E05706C616E650D07737572666163650CFFFFFFFF04FFFFFFFF0CFFFFFFFF131F85EB51B8267840C3F5285C8F926C4000000000000010C01400000000000000000000000000000000000000000000F0BF14000000000000F03F000000000000000000000000000000000B
310
0B0B0B0B110D067063757276650CFFFFFFFF04FFFFFFFF0CFFFFFFFF04000000000B0F0D0B6578705F7061725F6375720D056E7572627304020000001500000000040300000006182D4454FB2119C0040200000006D221337F7CD912C0040200000006182D4454FB2109C00402000000060000000000000440060000000000
310
00000006000000000000F03F062D00000000000440062D0000000000044006CD3B7F669EA0E63F06000000000000183D06000000000000044006000000000000F03F06D3FFFFFFFFFF03C006E20000000000044006CD3B7F669EA0E63F0600000000000004C006000000000000303D06000000000000F03F06000000000000
310
00000D05706C616E6513CDCCCCCCCCB078406566666666064B4000000000000022C01400000000000000000000000000000000000000000000F0BF140000000000000000000000000000F0BF00000000000000000B0B0B0B0B10060000000000000000060000000000000000110E08696E7463757276650D0563757276650C
310
FFFFFFFF04FFFFFFFF0CFFFFFFFF0B0F0D0D65786163745F696E745F63757204A451000015000000000D056E7572627304020000001500000000040300000006182D4454FB2119C0040200000006D221337F7CD912C0040200000006182D4454FB2109C0040200000006000000000078784006000000000000484006000000
310
00000022C006000000000000F03F0600000000005078400600000000000048400600000000000022C006CD3B7F669EA0E63F0600000000005078400600000000004049400600000000000022C006000000000000F03F060000000000507840060000000000804A400600000000000022C006CD3B7F669EA0E63F0600000000
310
00787840060000000000804A400600000000000022C006000000000000F03F0600000000000000000D0C6E756C6C5F737572666163650D0C6E756C6C5F737572666163650D066E756C6C62730D066E756C6C62730B0B04000000000400000000040000000004000000000A06182D4454FB2119C00A06182D4454FB2109C015
310
000000001500000000100A06182D4454FB2119C00A06182D4454FB2109C0110D06636F656467650CFFFFFFFF04FFFFFFFF0CFFFFFFFF0C110200000C110200000C7A0200000C7B0200000A0CDB01000004000000000C7C020000110D06636F656467650CFFFFFFFF04FFFFFFFF0CFFFFFFFF0C7D0200000C7E0200000C1102
310
00000C480200000B0C7F02000004000000000C80020000110D04656467650CFFFFFFFF04FFFFFFFF0CFFFFFFFF0C8102000006182D4454FB2129400C8202000006182D4454FB2139400C470200000C830200000B0707756E6B6E6F776E110D067063757276650CFFFFFFFF04FFFFFFFF0CFFFFFFFF04000000000B0F0D0B65
310
78705F7061725F6375720D056E7572627304020000001500000000040300000006182D4454FB2139C0040200000006D221337F7CD932C0040200000006182D4454FB2129C00402000000060000000000C05C400600000000000049C006000000000000F03F060000000000C05C4006FEFFFFFFFFFF46C006CD3B7F669EA0E6
310
3F060000000000C05D400600000000000047C006000000000000F03F060100000000C05E4006FEFFFFFFFFFF46C006CD3B7F669EA0E63F060000000000C05E400600000000000049C006000000000000F03F0600000000000000000D05706C616E6513000000000000F0BF000000000000F0BF00000000000032C014000000
310
00000000000000000000000000000000000000F0BF140000000000000000000000000000F03F00000000000000000B0B0B0B0B10060000000000000000060000000000000000110D06636F656467650CFFFFFFFF04FFFFFFFF0CFFFFFFFF0C840200000C850200000C120200000C4B0200000B0C8602000004000000000C87
310
020000110D04656467650CFFFFFFFF04FFFFFFFF0CFFFFFFFF0C520200000600000000000000000C5102000006182D4454FB2129400C4A0200000C880200000B0707756E6B6E6F776E110D067063757276650CFFFFFFFF04FFFFFFFF0CFFFFFFFF04000000000B0F0D0B6578705F7061725F6375720D056E75726273040200
310
00001500000000040300000006182D4454FB2129C0040200000006182D4454FB2119C004020000000600000000000000000402000000060000000000C05E40060000000000C05C4006000000000000F03F060100000000C05E40060000000000C05B4006CD3B7F669EA0E63F060000000000C05D40060000000000C05B4006
310
000000000000F03F060000000000C05C40060000000000C05B4006CD3B7F669EA0E63F060000000000C05C40060000000000C05C4006000000000000F03F0600000000000000000D05706C616E6513000000000000F0BF000000000000F0BF00000000000032C01400000000000000000000000000000000000000000000F0
310
BF140000000000000000000000000000F03F00000000000000000B0B0B0B0B10060000000000000000060000000000000000110D06636F656467650CFFFFFFFF04FFFFFFFF0CFFFFFFFF0C890200000C130200000C850200000C8A0200000A0C4F02000004000000000C8B020000110D06636F656467650CFFFFFFFF04FFFF
310
FFFF0CFFFFFFFF0C130200000C890200000C840200000C8C0200000B0C4F02000004000000000C8D020000110D046C6F6F700CFFFFFFFF04FFFFFFFF0CFFFFFFFF0CFFFFFFFF0C4E0200000C8E020000110D067063757276650CFFFFFFFF04FFFFFFFF0CFFFFFFFF04000000000B0F0D0B6578705F7061725F6375720D046E
310
75627304010000001500000000040200000006182D4454FB212940040100000006182D4454FB2139400401000000060000000000002C4006182D4454FB212940060000000000002C4006182D4454FB2139400600000000000000000D0673706C696E650B0F0D0D65786163745F73706C5F73757204A451000015000000000D
310
056E75726273040100000004020000000D04626F74681500000000150000000015000000001500000000040200000004030000000600000000000000000401000000060000000000002C40040100000006182D4454FB212940040200000006D221337F7CD93240040200000006182D4454FB21394004020000000600000000
310
00B87340060000000000B06F400600000000000010C006000000000000F03F060000000000B87340060000000000B06F400600000000000032C006000000000000F03F060000000000F87340060100000000B06F400624000000000010C006CD3B7F669EA0E63F060000000000F87340060100000000B06F40060100000000
310
0032C006CD3B7F669EA0E63F060000000000F87340060000000000306F400600000000000010C006000000000000F03F060000000000F87340060000000000306F400600000000000032C006000000000000F03F060000000000F87340060000000000B06E400624000000000010C006CD3B7F669EA0E63F060000000000F8
310
7340060000000000B06E400601000000000032C006CD3B7F669EA0E63F060000000000B87340060000000000B06E400600000000000010C006000000000000F03F060000000000B87340060000000000B06E400600000000000032C006000000000000F03F0600000000000000000400000000040000000004000000000400
310
000000040000000004000000000B0A0600000000000000000A060000000000002C400A06182D4454FB2129400A06182D4454FB2139401501000000100A0600000000000000000A060000000000002C400A06182D4454FB2129400A06182D4454FB21394010060000000000000000060000000000000000110D067665727465
310
780CFFFFFFFF04FFFFFFFF0CFFFFFFFF0C8C02000004020000000C8F020000110D067665727465780CFFFFFFFF04FFFFFFFF0CFFFFFFFF0C4B02000004020000000C90020000110E08696E7463757276650D0563757276650CFFFFFFFF04FFFFFFFF0CFFFFFFFF0B0F0D0D65786163745F696E745F63757204A45100001500
310
0000000D056E7572627304020000001500000000040300000006182D4454FB212940040200000006D221337F7CD93240040200000006182D4454FB2139400402000000060000000000B87340060000000000B06F400600000000000032C006000000000000F03F060000000000F87340060100000000B06F40060100000000
310
0032C006CD3B7F669EA0E63F060000000000F87340060000000000306F400600000000000032C006000000000000F03F060000000000F87340060000000000B06E400601000000000032C006CD3B7F669EA0E63F060000000000B87340060000000000B06E400600000000000032C006000000000000F03F06000000000000
310
00000D0C6E756C6C5F737572666163650D0C6E756C6C5F737572666163650D066E756C6C62730D066E756C6C62730B0B04000000000400000000040000000004000000000A06182D4454FB2129400A06182D4454FB21394015000000001500000000100A06182D4454FB2129400A06182D4454FB213940110D06636F656467
310
650CFFFFFFFF04FFFFFFFF0CFFFFFFFF0C910200000C160200000C1A0200000C5C0200000B0C5602000004000000000C92020000110D06636F656467650CFFFFFFFF04FFFFFFFF0CFFFFFFFF0C160200000C910200000C190200000C5A0200000A0C5602000004000000000C93020000110D046C6F6F700CFFFFFFFF04FFFF
310
FFFF0CFFFFFFFF0CFFFFFFFF0C540200000C94020000110D067063757276650CFFFFFFFF04FFFFFFFF0CFFFFFFFF04000000000B0F0D0B6578705F7061725F6375720D046E75627304010000001500000000040200000006182D4454FB2119C0040100000006182D4454FB2109C0040100000006000000000000000006182D
310
4454FB21194006000000000000000006182D4454FB2109400600000000000000000D0673706C696E650B0F0D0D65786163745F73706C5F73757204A451000015000000000D056E75726273040100000004020000000D04626F7468150000000015000000001500000000150000000004020000000403000000060000000000
310
0000000401000000060000000000002240040100000006182D4454FB210940040200000006D221337F7CD91240040200000006182D4454FB2119400402000000060100000000405E40060000000000306F400600000000000032C006000000000000F03F060100000000405E40060000000000306F400600000000000022C0
310
06000000000000F03F060000000000405E40060000000000806F400600000000000032C006CD3B7F669EA0E63F060000000000405E40060000000000806F400600000000000022C006CD3B7F669EA0E63F060100000000A05D40060000000000806F400600000000000032C006000000000000F03F060100000000A05D4006
310
0000000000806F400600000000000022C006000000000000F03F060000000000005D40060000000000806F400600000000000032C006CD3B7F669EA0E63F060000000000005D40060000000000806F400600000000000022C006CD3B7F669EA0E63F060100000000005D40060000000000306F400600000000000032C00600
310
0000000000F03F060100000000005D40060000000000306F400600000000000022C006000000000000F03F0600000000000000000400000000040000000004000000000400000000040000000004000000000B0A0600000000000000000A0600000000000022400A06182D4454FB2109400A06182D4454FB21194015010000
310
00100A0600000000000000000A0600000000000022400A06182D4454FB2109400A06182D4454FB21194010060000000000000000060000000000000000110E08696E7463757276650D0563757276650CFFFFFFFF04FFFFFFFF0CFFFFFFFF0B0F0D0D65786163745F696E745F63757204A451000015000000000D056E757262
310
7304020000001500000000040300000006182D4454FB210940040200000006D221337F7CD91240040200000006182D4454FB2119400402000000060100000000405E40060000000000306F400600000000000032C006000000000000F03F060000000000405E40060000000000806F400600000000000032C006CD3B7F669E
310
A0E63F060100000000A05D40060000000000806F400600000000000032C006000000000000F03F060000000000005D40060000000000806F400600000000000032C006CD3B7F669EA0E63F060100000000005D40060000000000306F400600000000000032C006000000000000F03F0600000000000000000D0C6E756C6C5F
310
737572666163650D0C6E756C6C5F737572666163650D066E756C6C62730D066E756C6C62730B0B04000000000400000000040000000004000000000A06182D4454FB2109400A06182D4454FB21194015000000001500000000100A06182D4454FB2109400A06182D4454FB211940110D06636F656467650CFFFFFFFF04FFFF
310
FFFF0CFFFFFFFF0C1A0200000C190200000C950200000C960200000A0C1B02000004000000000C97020000110D04656467650CFFFFFFFF04FFFFFFFF0CFFFFFFFF0C1D0200000600000000000000000C980200000600000000000022400C550200000C990200000B0707756E6B6E6F776E110D067063757276650CFFFFFFFF
310
04FFFFFFFF0CFFFFFFFF04000000000B0F0D0B6578705F7061725F6375720D046E756273040100000015000000000402000000060000000000000000040100000006000000000000224004010000000600000000000000000600000000000000000600000000000022400600000000000000000600000000000000000D0673
310
706C696E650B0F0D0372656604BC000000100A0600000000000000000A0600000000000022400A0600000000000000000A06182D4454FB21094010060000000000000000060000000000000000110D04656467650CFFFFFFFF04FFFFFFFF0CFFFFFFFF0C1E0200000600000000000000000C9A020000060000000000002240
310
0C1A0200000C9B0200000B0707756E6B6E6F776E110D067063757276650CFFFFFFFF04FFFFFFFF0CFFFFFFFF04000000000B0F0D0B6578705F7061725F6375720D046E7562730401000000150000000004020000000600000000000022C00401000000060000000000000000040100000006000000000000224006182D4454
310
FB21094006000000000000000006182D4454FB2109400600000000000000000D0673706C696E650B0F0D0372656604BC000000100A0600000000000000000A0600000000000022400A0600000000000000000A06182D4454FB21094010060000000000000000060000000000000000110D04666163650CFFFFFFFF04FFFFFF
310
FF0CFFFFFFFF0C9C0200000C1B0200000C040000000CFFFFFFFF0C9D0200000B0B110D05706F696E740CFFFFFFFF04FFFFFFFF0CFFFFFFFF130100000000005D400000000000306F4000000000000032C0110D05706F696E740CFFFFFFFF04FFFFFFFF0CFFFFFFFF130100000000405E400000000000306F40000000000000
310
32C0110D06636F656467650CFFFFFFFF04FFFFFFFF0CFFFFFFFF0C210200000C200200000C9E0200000C9F0200000A0C2202000004000000000CA0020000110D067063757276650CFFFFFFFF04FFFFFFFF0CFFFFFFFF04000000000B0F0D0B6578705F7061725F6375720D046E756273040100000015000000000402000000
310
0600000000000000000401000000060000000000002240040100000006000000000000000006182D4454FB21094006000000000000224006182D4454FB2109400600000000000000000D0673706C696E650B0F0D0372656604BF000000100A0600000000000000000A0600000000000022400A06182D4454FB2109400A0618
310
2D4454FB21194010060000000000000000060000000000000000110D067063757276650CFFFFFFFF04FFFFFFFF0CFFFFFFFF04000000000B0F0D0B6578705F7061725F6375720D046E7562730401000000150000000004020000000600000000000022C0040100000006000000000000000004010000000600000000000022
310
4006182D4454FB21194006000000000000000006182D4454FB2119400600000000000000000D0673706C696E650B0F0D0372656604BF000000100A0600000000000000000A0600000000000022400A06182D4454FB2109400A06182D4454FB21194010060000000000000000060000000000000000110D04666163650CFFFF
310
FFFF04FFFFFFFF0CFFFFFFFF0C940200000C220200000C040000000CFFFFFFFF0CA10200000B0B110D06636F656467650CFFFFFFFF04FFFFFFFF0CFFFFFFFF0C9E0200000C9E0200000C250200000C660200000B0CA202000004000000000CA3020000110D04656467650CFFFFFFFF04FFFFFFFF0CFFFFFFFF0C6A02000006
310
182D4454FB2109C00C680200000600000000000000000C250200000CA40200000B0707756E6B6E6F776E110D067063757276650CFFFFFFFF04FFFFFFFF0CFFFFFFFF04000000000B0F0D0B6578705F7061725F6375720D046E756273040100000015000000000402000000060000000000000000040100000006182D4454FB
310
210940040100000006000000000000224006000000000000000006000000000000224006182D4454FB2109400600000000000000000D0673706C696E650B0F0D0372656604A8000000100A0600000000000000000A0600000000000022400A0600000000000000000A06182D4454FB21094010060000000000000000060000
310
000000000000110D067665727465780CFFFFFFFF04FFFFFFFF0CFFFFFFFF0C2602000004020000000CA5020000110E08696E7463757276650D0563757276650CFFFFFFFF04FFFFFFFF0CFFFFFFFF0B0F0D0D65786163745F696E745F63757204A451000015000000000D056E75726273040100000015000000000402000000
310
06000000000000000004010000000600000000000022400401000000060000000000907140060000000000306F400600000000000032C006000000000000F03F060000000000907140060000000000306F400600000000000022C006000000000000F03F0600000000000000000D0C6E756C6C5F737572666163650D0C6E75
310
6C6C5F737572666163650D066E756C6C62730D066E756C6C62730B0B04000000000400000000040000000004000000000A0600000000000000000A06000000000000224015000000001500000000100A0600000000000000000A060000000000002240110D067665727465780CFFFFFFFF04FFFFFFFF0CFFFFFFFF0C280200
310
0004020000000CA6020000110E08696E7463757276650D0563757276650CFFFFFFFF04FFFFFFFF0CFFFFFFFF0B0F0D0D65786163745F696E745F63757204A451000015000000000D056E7572627304010000001500000000040200000006000000000000000004010000000600000000000022400401000000060000000000
310
E07140060000000000306F400600000000000032C006000000000000F03F060000000000E07140060000000000306F400600000000000022C006000000000000F03F0600000000000000000D0C6E756C6C5F737572666163650D0C6E756C6C5F737572666163650D066E756C6C62730D066E756C6C62730B0B040000000004
310
00000000040000000004000000000A0600000000000000000A06000000000000224015000000001500000000100A0600000000000000000A060000000000002240110D04666163650CFFFFFFFF04FFFFFFFF0CFFFFFFFF0C5E0200000CA20200000C040000000CFFFFFFFF0CA70200000B0B110E0673706C696E650D077375
310
72666163650CFFFFFFFF04FFFFFFFF0CFFFFFFFF0B0F0D0372656604A8000000100A0600000000000000000A0600000000000022400A0600000000000000000A06182D4454FB210940110D06636F656467650CFFFFFFFF04FFFFFFFF0CFFFFFFFF0C310200000C310200000C2D0200000C6F0200000A0C7202000004000000
310
000CA8020000110D04656467650CFFFFFFFF04FFFFFFFF0CFFFFFFFF0C3602000006182D4454FB2129C00C340200000600000000000000000C2D0200000CA90200000B0707756E6B6E6F776E110D067063757276650CFFFFFFFF04FFFFFFFF0CFFFFFFFF04000000000B0F0D0B6578705F7061725F6375720D046E75627304
310
010000001500000000040200000006182D4454FB2129C00401000000060000000000000000040100000006000000000000000006182D4454FB2129400600000000000000000600000000000000000600000000000000000D0673706C696E650B0F0D0372656604AB000000100A0600000000000000000A060000000000002C
310
400A0600000000000000000A06182D4454FB21294010060000000000000000060000000000000000110E0673706C696E650D07737572666163650CFFFFFFFF04FFFFFFFF0CFFFFFFFF0B0F0D0372656604AB000000100A0600000000000000000A060000000000002C400A0600000000000000000A06182D4454FB21294011
310
0D046C6F6F700CFFFFFFFF04FFFFFFFF0CFFFFFFFF0CFFFFFFFF0C6E0200000C38020000110D067063757276650CFFFFFFFF04FFFFFFFF0CFFFFFFFF04000000000B0F0D0B6578705F7061725F6375720D056E7572627304020000001500000000040300000006182D4454FB212940040200000006D221337F7CD932400402
310
00000006182D4454FB21394004020000000600000000000010C006000000000000000006000000000000F03F0624000000000010C006EEFFFFFFFFFF0FC006CD3B7F669EA0E63F0600000000000000000600000000000010C006000000000000F03F06240000000000104006EEFFFFFFFFFF0FC006CD3B7F669EA0E63F0600
310
0000000000104006000000000000000006000000000000F03F0600000000000000000D05706C616E65131F85EB51B826784085EB51B81EE5554000000000000010C01400000000000000000000000000000000000000000000F0BF14000000000000F03F000000000000000000000000000000000B0B0B0B0B100600000000
310
00000000060000000000000000110E08696E7463757276650D0563757276650CFFFFFFFF04FFFFFFFF0CFFFFFFFF0B0F0D0D65786163745F696E745F63757204A451000015000000000D056E7572627304020000001500000000040300000006182D4454FB2139C0040200000006D221337F7CD932C0040200000006182D44
310
54FB2129C00402000000060000000000B87840060000000000A054400600000000000010C006000000000000F03F060100000000B8784006FFFFFFFFFF9F55400624000000000010C006CD3B7F669EA0E63F060000000000787840060000000000A055400600000000000010C006000000000000F03F06FFFFFFFFFF377840
310
06FFFFFFFFFF9F55400624000000000010C006CD3B7F669EA0E63F060000000000387840060000000000A054400600000000000010C006000000000000F03F0600000000000000000D0C6E756C6C5F737572666163650D0C6E756C6C5F737572666163650D066E756C6C62730D066E756C6C62730B0B040000000004000000
310
00040000000004000000000A06182D4454FB2139C00A06182D4454FB2129C015000000001500000000100A06182D4454FB2139C00A06182D4454FB2129C0110D05706F696E740CFFFFFFFF04FFFFFFFF0CFFFFFFFF130000000000B878400000000000A0544000000000000010C0110D05706F696E740CFFFFFFFF04FFFFFF
310
FF0CFFFFFFFF1300000000003878400000000000A0544000000000000010C0110E05706C616E650D07737572666163650CFFFFFFFF04FFFFFFFF0CFFFFFFFF131F85EB51B826784085EB51B81EE5554000000000000010C01400000000000000000000000000000000000000000000F0BF14000000000000F03F0000000000
310
00000000000000000000000B0B0B0B0B110D067063757276650CFFFFFFFF04FFFFFFFF0CFFFFFFFF04000000000B0F0D0B6578705F7061725F6375720D056E75726273040200000015000000000403000000060000000000000000040200000006182D4454FB211940040200000006182D4454FB2129400402000000060000
310
0000000010400600000000000020BD06000000000000F03F06240000000000104006EEFFFFFFFFFF0F4006CD3B7F669EA0E63F06000000000000000006000000000000104006000000000000F03F0624000000000010C006EEFFFFFFFFFF0F4006CD3B7F669EA0E63F0600000000000010C006000000000000000006000000
310
000000F03F0600000000000000000D05706C616E65131F85EB51B8267840C3F5285C8F926C4000000000000010C01400000000000000000000000000000000000000000000F0BF14000000000000F03F000000000000000000000000000000000B0B0B0B0B10060000000000000000060000000000000000110E08696E7463
310
757276650D0563757276650CFFFFFFFF04FFFFFFFF0CFFFFFFFF0B0F0D0D65786163745F696E745F63757204A451000015000000000D056E7572627304020000001500000000040300000006182D4454FB2129C0040200000006182D4454FB2119C00402000000060000000000000000040200000006000000000038784006
310
0000000000F06B400600000000000010C006000000000000F03F06FFFFFFFFFF377840060000000000706B400624000000000010C006CD3B7F669EA0E63F060000000000787840060000000000706B400600000000000010C006000000000000F03F060100000000B87840060000000000706B400624000000000010C006CD
310
3B7F669EA0E63F060000000000B87840060000000000F06B400600000000000010C006000000000000F03F0600000000000000000D0C6E756C6C5F737572666163650D0C6E756C6C5F737572666163650D066E756C6C62730D066E756C6C62730B0B04000000000400000000040000000004000000000A06182D4454FB2129
310
C00A06000000000000000015000000001500000000100A06182D4454FB2129C00A060000000000000000110D06636F656467650CFFFFFFFF04FFFFFFFF0CFFFFFFFF0CAA0200000CAB0200000C460200000C7B0200000B0CAC02000004000000000CAD020000110D04656467650CFFFFFFFF04FFFFFFFF0CFFFFFFFF0C8202
310
00000600000000000000000C8102000006182D4454FB2129400C7A0200000CAE0200000B0707756E6B6E6F776E110D067063757276650CFFFFFFFF04FFFFFFFF0CFFFFFFFF04000000000B0F0D0B6578705F7061725F6375720D056E7572627304020000001500000000040300000006182D4454FB2129C004020000000618
310
2D4454FB2119C004020000000600000000000000000402000000060000000000C05E400600000000000049C006000000000000F03F060100000000C05E4006FFFFFFFFFFFF4AC006CD3B7F669EA0E63F060000000000C05D40060000000000004BC006000000000000F03F060000000000C05C4006FFFFFFFFFFFF4AC006CD
310
3B7F669EA0E63F060000000000C05C400600000000000049C006000000000000F03F0600000000000000000D05706C616E6513000000000000F0BF000000000000F0BF00000000000032C01400000000000000000000000000000000000000000000F0BF140000000000000000000000000000F03F00000000000000000B0B
310
0B0B0B10060000000000000000060000000000000000110D06636F656467650CFFFFFFFF04FFFFFFFF0CFFFFFFFF0CAF0200000C470200000CAB0200000CB00200000A0C7F02000004000000000CB1020000110D06636F656467650CFFFFFFFF04FFFFFFFF0CFFFFFFFF0C470200000CAF0200000CAA0200000CB20200000B
310
0C7F02000004000000000CB3020000110D046C6F6F700CFFFFFFFF04FFFFFFFF0CFFFFFFFF0CFFFFFFFF0C7E0200000CB4020000110D067063757276650CFFFFFFFF04FFFFFFFF0CFFFFFFFF04000000000B0F0D0B6578705F7061725F6375720D046E75627304010000001500000000040200000006182D4454FB21294004
310
0100000006182D4454FB2139400401000000060000000000002C4006182D4454FB212940060000000000002C4006182D4454FB2139400600000000000000000D0673706C696E650B0F0D0D65786163745F73706C5F73757204A451000015000000000D056E75726273040100000004020000000D04626F7468150000000015
310
0000000015000000001500000000040200000004030000000600000000000000000401000000060000000000002C40040100000006182D4454FB212940040200000006D221337F7CD93240040200000006182D4454FB2139400402000000060000000000D06240060000000000B06F400600000000000010C0060000000000
310
00F03F060000000000D06240060000000000B06F400600000000000032C006000000000000F03F060000000000506340060100000000B06F400624000000000010C006CD3B7F669EA0E63F060000000000506340060100000000B06F400601000000000032C006CD3B7F669EA0E63F06000000000050634006000000000030
310
6F400600000000000010C006000000000000F03F060000000000506340060000000000306F400600000000000032C006000000000000F03F060000000000506340060000000000B06E400624000000000010C006CD3B7F669EA0E63F060000000000506340060000000000B06E400601000000000032C006CD3B7F669EA0E6
310
3F060000000000D06240060000000000B06E400600000000000010C006000000000000F03F060000000000D06240060000000000B06E400600000000000032C006000000000000F03F0600000000000000000400000000040000000004000000000400000000040000000004000000000B0A0600000000000000000A060000
310
000000002C400A06182D4454FB2129400A06182D4454FB2139401501000000100A0600000000000000000A060000000000002C400A06182D4454FB2129400A06182D4454FB21394010060000000000000000060000000000000000110D067665727465780CFFFFFFFF04FFFFFFFF0CFFFFFFFF0CB202000004020000000CB5
310
020000110D067665727465780CFFFFFFFF04FFFFFFFF0CFFFFFFFF0C7B02000004020000000CB6020000110E08696E7463757276650D0563757276650CFFFFFFFF04FFFFFFFF0CFFFFFFFF0B0F0D0D65786163745F696E745F63757204A451000015000000000D056E7572627304020000001500000000040300000006182D
310
4454FB212940040200000006D221337F7CD93240040200000006182D4454FB2139400402000000060000000000D06240060000000000B06F400600000000000032C006000000000000F03F060000000000506340060100000000B06F400601000000000032C006CD3B7F669EA0E63F06000000000050634006000000000030
310
6F400600000000000032C006000000000000F03F060000000000506340060000000000B06E400601000000000032C006CD3B7F669EA0E63F060000000000D06240060000000000B06E400600000000000032C006000000000000F03F0600000000000000000D0C6E756C6C5F737572666163650D0C6E756C6C5F7375726661
310
63650D066E756C6C62730D066E756C6C62730B0B04000000000400000000040000000004000000000A06182D4454FB2129400A06182D4454FB21394015000000001500000000100A06182D4454FB2129400A06182D4454FB213940110D06636F656467650CFFFFFFFF04FFFFFFFF0CFFFFFFFF0CB70200000C4A0200000C4E
310
0200000C8C0200000A0C8602000004000000000CB8020000110D06636F656467650CFFFFFFFF04FFFFFFFF0CFFFFFFFF0C4A0200000CB70200000C4D0200000C8A0200000B0C8602000004000000000CB9020000110D046C6F6F700CFFFFFFFF04FFFFFFFF0CFFFFFFFF0CFFFFFFFF0CB70200000CBA020000110D06706375
310
7276650CFFFFFFFF04FFFFFFFF0CFFFFFFFF04000000000B0F0D0B6578705F7061725F6375720D046E756273040100000015000000000402000000060000000000000000040100000006182D4454FB212940040100000006FFFFFFFFFFFF2B40060000000000000000060000000000002C4006182D4454FB21294006000000
310
00000000000D0673706C696E650B0F0D0D65786163745F73706C5F73757204A451000015000000000D056E75726273040100000004020000000D04626F74681500000000150000000015000000001500000000040200000004030000000600000000000000000401000000060000000000002C400401000000060000000000
310
000000040200000006182D4454FB211940040200000006182D4454FB2129400402000000060000000000B87340060000000000B06E400600000000000010C006000000000000F03F060000000000B87340060000000000B06E400600000000000032C006000000000000F03F060000000000787340060000000000B06E4006
310
24000000000010C006CD3B7F669EA0E63F060000000000787340060000000000B06E400601000000000032C006CD3B7F669EA0E63F060000000000787340060000000000306F400600000000000010C006000000000000F03F060000000000787340060000000000306F400600000000000032C006000000000000F03F0600
310
00000000787340060100000000B06F400624000000000010C006CD3B7F669EA0E63F060000000000787340060100000000B06F400601000000000032C006CD3B7F669EA0E63F060000000000B87340060000000000B06F400600000000000010C006000000000000F03F060000000000B87340060000000000B06F40060000
310
0000000032C006000000000000F03F0600000000000000000400000000040000000004000000000400000000040000000004000000000B0A0600000000000000000A060000000000002C400A0600000000000000000A06182D4454FB2129401501000000100A0600000000000000000A060000000000002C400A0600000000
310
000000000A06182D4454FB21294010060000000000000000060000000000000000110E08696E7463757276650D0563757276650CFFFFFFFF04FFFFFFFF0CFFFFFFFF0B0F0D0D65786163745F696E745F63757204A451000015000000000D056E75726273040200000015000000000403000000060000000000000000040200
310
000006182D4454FB211940040200000006182D4454FB2129400402000000060000000000B87340060000000000B06E400600000000000032C006000000000000F03F060000000000787340060000000000B06E400601000000000032C006CD3B7F669EA0E63F060000000000787340060000000000306F4006000000000000
310
32C006000000000000F03F060000000000787340060100000000B06F400601000000000032C006CD3B7F669EA0E63F060000000000B87340060000000000B06F400600000000000032C006000000000000F03F0600000000000000000D0C6E756C6C5F737572666163650D0C6E756C6C5F737572666163650D066E756C6C62
310
730D066E756C6C62730B0B04000000000400000000040000000004000000000A0600000000000000000A06182D4454FB21294015000000001500000000100A0600000000000000000A06182D4454FB212940110D06636F656467650CFFFFFFFF04FFFFFFFF0CFFFFFFFF0C4E0200000C4D0200000CBB0200000CBC0200000B
310
0C4F02000004000000000CBD020000110D04656467650CFFFFFFFF04FFFFFFFF0CFFFFFFFF0CBE0200000600000000000000000C5202000006E8FFFFFFFFFF2B400C850200000CBF0200000B0707756E6B6E6F776E110D067063757276650CFFFFFFFF04FFFFFFFF0CFFFFFFFF04000000000B0F0D0B6578705F7061725F63
310
75720D046E75627304010000001500000000040200000006E8FFFFFFFFFF2BC004010000000600000000000000000401000000060000000000002C4006182D4454FB21394006000000000000000006182D4454FB2139400600000000000000000D0673706C696E650B0F0D0372656604D0000000100A060000000000000000
310
0A060000000000002C400A06182D4454FB2129400A06182D4454FB21394010060000000000000000060000000000000000110D04656467650CFFFFFFFF04FFFFFFFF0CFFFFFFFF0CC00200000600000000000000000C51020000060000000000002C400C4E0200000CC10200000B0707756E6B6E6F776E110D067063757276
310
650CFFFFFFFF04FFFFFFFF0CFFFFFFFF04000000000B0F0D0B6578705F7061725F6375720D046E7562730401000000150000000004020000000600000000000000000401000000060000000000002C40040100000006000000000000000006182D4454FB212940060000000000002C4006182D4454FB212940060000000000
310
0000000D0673706C696E650B0F0D0372656604D0000000100A0600000000000000000A060000000000002C400A06182D4454FB2129400A06182D4454FB21394010060000000000000000060000000000000000110D04666163650CFFFFFFFF04FFFFFFFF0CFFFFFFFF0CC20200000C4F0200000C040000000CFFFFFFFF0CC3
310
0200000B0B110D05706F696E740CFFFFFFFF04FFFFFFFF0CFFFFFFFF130000000000B873400000000000B06F4000000000000032C0110D05706F696E740CFFFFFFFF04FFFFFFFF0CFFFFFFFF130000000000B873400000000000B06E40FFFFFFFFFFFF31C0110D06636F656467650CFFFFFFFF04FFFFFFFF0CFFFFFFFF0C55
310
0200000C540200000CC40200000CC50200000A0C5602000004000000000CC6020000110D067063757276650CFFFFFFFF04FFFFFFFF0CFFFFFFFF04000000000B0F0D0B6578705F7061725F6375720D046E75627304010000001500000000040200000006000000000000000004010000000600000000000022400401000000
310
06000000000000000006182D4454FB21094006000000000000224006182D4454FB2109400600000000000000000D0673706C696E650B0F0D0372656604D3000000100A0600000000000000000A0600000000000022400A06182D4454FB2109400A06182D4454FB21194010060000000000000000060000000000000000110D
310
067063757276650CFFFFFFFF04FFFFFFFF0CFFFFFFFF04000000000B0F0D0B6578705F7061725F6375720D046E7562730401000000150000000004020000000600000000000022C00401000000060000000000000000040100000006000000000000224006182D4454FB21194006000000000000000006182D4454FB211940
310
0600000000000000000D0673706C696E650B0F0D0372656604D3000000100A0600000000000000000A0600000000000022400A06182D4454FB2109400A06182D4454FB21194010060000000000000000060000000000000000110D04666163650CFFFFFFFF04FFFFFFFF0CFFFFFFFF0CBA0200000C560200000C040000000C
310
FFFFFFFF0CC70200000B0B110D06636F656467650CFFFFFFFF04FFFFFFFF0CFFFFFFFF0CC40200000CC40200000C590200000C960200000B0CC802000004000000000CC9020000110D04656467650CFFFFFFFF04FFFFFFFF0CFFFFFFFF0C9A02000006182D4454FB2109C00C980200000600000000000000000C590200000C
310
CA0200000B0707756E6B6E6F776E110D067063757276650CFFFFFFFF04FFFFFFFF0CFFFFFFFF04000000000B0F0D0B6578705F7061725F6375720D046E756273040100000015000000000402000000060000000000000000040100000006182D4454FB21094004010000000600000000000022400600000000000000000600
310
0000000000224006182D4454FB2109400600000000000000000D0673706C696E650B0F0D0372656604BC000000100A0600000000000000000A0600000000000022400A0600000000000000000A06182D4454FB21094010060000000000000000060000000000000000110D067665727465780CFFFFFFFF04FFFFFFFF0CFFFF
310
FFFF0C5A02000004020000000CCB020000110E08696E7463757276650D0563757276650CFFFFFFFF04FFFFFFFF0CFFFFFFFF0B0F0D0D65786163745F696E745F63757204A451000015000000000D056E7572627304010000001500000000040200000006000000000000000004010000000600000000000022400401000000
310
060100000000005D40060000000000306F400600000000000032C006000000000000F03F060100000000005D40060000000000306F400600000000000022C006000000000000F03F0600000000000000000D0C6E756C6C5F737572666163650D0C6E756C6C5F737572666163650D066E756C6C62730D066E756C6C62730B0B
310
04000000000400000000040000000004000000000A0600000000000000000A06000000000000224015000000001500000000100A0600000000000000000A060000000000002240110D067665727465780CFFFFFFFF04FFFFFFFF0CFFFFFFFF0C5C02000004020000000CCC020000110E08696E7463757276650D0563757276
310
650CFFFFFFFF04FFFFFFFF0CFFFFFFFF0B0F0D0D65786163745F696E745F63757204A451000015000000000D056E7572627304010000001500000000040200000006000000000000000004010000000600000000000022400401000000060100000000405E40060000000000306F400600000000000032C006000000000000
310
F03F060100000000405E40060000000000306F400600000000000022C006000000000000F03F0600000000000000000D0C6E756C6C5F737572666163650D0C6E756C6C5F737572666163650D066E756C6C62730D066E756C6C62730B0B04000000000400000000040000000004000000000A0600000000000000000A060000
310
00000000224015000000001500000000100A0600000000000000000A060000000000002240110D04666163650CFFFFFFFF04FFFFFFFF0CFFFFFFFF0C8E0200000CC80200000C040000000CFFFFFFFF0CCD0200000B0B110E0673706C696E650D07737572666163650CFFFFFFFF04FFFFFFFF0CFFFFFFFF0B0F0D0372656604
310
BC000000100A0600000000000000000A0600000000000022400A0600000000000000000A06182D4454FB210940110D06636F656467650CFFFFFFFF04FFFFFFFF0CFFFFFFFF0C650200000C650200000C610200000C9F0200000B0CA202000004000000000CCE020000110D04656467650CFFFFFFFF04FFFFFFFF0CFFFFFFFF
310
0C6802000006182D4454FB2119C00C6A02000006182D4454FB2109C00C610200000CCF0200000B0707756E6B6E6F776E110D067063757276650CFFFFFFFF04FFFFFFFF0CFFFFFFFF04000000000B0F0D0B6578705F7061725F6375720D046E75627304010000001500000000040200000006182D4454FB2109400401000000
310
06182D4454FB211940040100000006000000000000224006182D4454FB21094006000000000000224006182D4454FB2119400600000000000000000D0673706C696E650B0F0D0372656604BF000000100A0600000000000000000A0600000000000022400A06182D4454FB2109400A06182D4454FB21194010060000000000
310
000000060000000000000000110E0673706C696E650D07737572666163650CFFFFFFFF04FFFFFFFF0CFFFFFFFF0B0F0D0372656604BF000000100A0600000000000000000A0600000000000022400A06182D4454FB2109400A06182D4454FB211940110D046C6F6F700CFFFFFFFF04FFFFFFFF0CFFFFFFFF0CFFFFFFFF0C9E
310
0200000C6C020000110D067063757276650CFFFFFFFF04FFFFFFFF0CFFFFFFFF04000000000B0F0D0B6578705F7061725F6375720D056E7572627304020000001500000000040300000006182D4454FB2109C0040200000006182D4454FB21F9BF040200000006000000000000000004020000000600000000000004C00600
310
0000000000000006000000000000F03F062D000000000004C0062D000000000004C006CD3B7F669EA0E63F0600000000000000000600000000000004C006000000000000F03F062D00000000000440062D000000000004C006CD3B7F669EA0E63F06000000000000044006000000000000000006000000000000F03F060000
310
0000000000000D05706C616E6513CDCCCCCCCCF071406666666666BE6E4000000000000022C01400000000000000000000000000000000000000000000F0BF14000000000000F0BF000000000000000000000000000000000B0B0B0B0B10060000000000000000060000000000000000110E08696E7463757276650D056375
310
7276650CFFFFFFFF04FFFFFFFF0CFFFFFFFF0B0F0D0D65786163745F696E745F63757204A451000015000000000D056E7572627304020000001500000000040300000006182D4454FB2109C0040200000006182D4454FB21F9BF04020000000600000000000000000402000000060000000000E07140060000000000306F40
310
0600000000000022C006000000000000F03F060000000000E07140060000000000E06E400600000000000022C006CD3B7F669EA0E63F060000000000B87140060000000000E06E400600000000000022C006000000000000F03F060000000000907140060000000000E06E400600000000000022C006CD3B7F669EA0E63F06
310
0000000000907140060000000000306F400600000000000022C006000000000000F03F0600000000000000000D0C6E756C6C5F737572666163650D0C6E756C6C5F737572666163650D066E756C6C62730D066E756C6C62730B0B04000000000400000000040000000004000000000A06182D4454FB2109C00A060000000000
310
00000015000000001500000000100A06182D4454FB2109C00A060000000000000000110D05706F696E740CFFFFFFFF04FFFFFFFF0CFFFFFFFF1300000000009071400000000000306F4000000000000022C0110D05706F696E740CFFFFFFFF04FFFFFFFF0CFFFFFFFF130000000000E071400000000000306F400000000000
310
0022C0110E05706C616E650D07737572666163650CFFFFFFFF04FFFFFFFF0CFFFFFFFF13CDCCCCCCCCF071406666666666BE6E4000000000000022C01400000000000000000000000000000000000000000000F0BF14000000000000F0BF000000000000000000000000000000000B0B0B0B0B110D067063757276650CFFFF
310
FFFF04FFFFFFFF0CFFFFFFFF04000000000B0F0D0B6578705F7061725F6375720D056E75726273040200000015000000000403000000060000000000000000040200000006182D4454FB211940040200000006182D4454FB212940040200000006000000000000104006000000000000000006000000000000F03F06240000
310
0000001040060D0000000000104006CD3B7F669EA0E63F06000000000000000006000000000000104006000000000000F03F0624000000000010C0060D0000000000104006CD3B7F669EA0E63F0600000000000010C006000000000000000006000000000000F03F0600000000000000000D05706C616E65131F85EB51B826
310
784085EB51B81EE5554000000000000010C01400000000000000000000000000000000000000000000F0BF14000000000000F03F000000000000000000000000000000000B0B0B0B0B10060000000000000000060000000000000000110E08696E7463757276650D0563757276650CFFFFFFFF04FFFFFFFF0CFFFFFFFF0B0F
310
0D0D65786163745F696E745F63757204A451000015000000000D056E7572627304020000001500000000040300000006182D4454FB2129C0040200000006182D4454FB2119C004020000000600000000000000000402000000060000000000387840060000000000A054400600000000000010C006000000000000F03F06FF
310
FFFFFFFF37784006FFFFFFFFFF9F53400624000000000010C006CD3B7F669EA0E63F060000000000787840060000000000A053400600000000000010C006000000000000F03F060100000000B8784006FFFFFFFFFF9F53400624000000000010C006CD3B7F669EA0E63F060000000000B87840060000000000A05440060000
310
0000000010C006000000000000F03F0600000000000000000D0C6E756C6C5F737572666163650D0C6E756C6C5F737572666163650D066E756C6C62730D066E756C6C62730B0B04000000000400000000040000000004000000000A06182D4454FB2129C00A06000000000000000015000000001500000000100A06182D4454
310
FB2129C00A060000000000000000110D06636F656467650CFFFFFFFF04FFFFFFFF0CFFFFFFFF0CD00200000C7A0200000C7E0200000CB20200000A0CAC02000004000000000CD1020000110D06636F656467650CFFFFFFFF04FFFFFFFF0CFFFFFFFF0C7A0200000CD00200000C7D0200000CB00200000B0CAC020000040000
310
00000CD2020000110D046C6F6F700CFFFFFFFF04FFFFFFFF0CFFFFFFFF0CFFFFFFFF0CD00200000CD3020000110D067063757276650CFFFFFFFF04FFFFFFFF0CFFFFFFFF04000000000B0F0D0B6578705F7061725F6375720D046E756273040100000015000000000402000000060000000000000000040100000006182D44
310
54FB212940040100000006FFFFFFFFFFFF2B40060000000000000000060000000000002C4006182D4454FB2129400600000000000000000D0673706C696E650B0F0D0D65786163745F73706C5F73757204A451000015000000000D056E75726273040100000004020000000D04626F74681500000000150000000015000000
310
001500000000040200000004030000000600000000000000000401000000060000000000002C400401000000060000000000000000040200000006182D4454FB211940040200000006182D4454FB2129400402000000060000000000D06240060000000000B06E400600000000000010C006000000000000F03F0600000000
310
00D06240060000000000B06E400600000000000032C006000000000000F03F060000000000506240060000000000B06E400624000000000010C006CD3B7F669EA0E63F060000000000506240060000000000B06E400601000000000032C006CD3B7F669EA0E63F060000000000506240060000000000306F40060000000000
310
0010C006000000000000F03F060000000000506240060000000000306F400600000000000032C006000000000000F03F060000000000506240060100000000B06F400624000000000010C006CD3B7F669EA0E63F060000000000506240060100000000B06F400601000000000032C006CD3B7F669EA0E63F060000000000D0
310
6240060000000000B06F400600000000000010C006000000000000F03F060000000000D06240060000000000B06F400600000000000032C006000000000000F03F0600000000000000000400000000040000000004000000000400000000040000000004000000000B0A0600000000000000000A060000000000002C400A06
310
00000000000000000A06182D4454FB2129401501000000100A0600000000000000000A060000000000002C400A0600000000000000000A06182D4454FB21294010060000000000000000060000000000000000110E08696E7463757276650D0563757276650CFFFFFFFF04FFFFFFFF0CFFFFFFFF0B0F0D0D65786163745F69
310
6E745F63757204A451000015000000000D056E75726273040200000015000000000403000000060000000000000000040200000006182D4454FB211940040200000006182D4454FB2129400402000000060000000000D06240060000000000B06E400600000000000032C006000000000000F03F0600000000005062400600
310
00000000B06E400601000000000032C006CD3B7F669EA0E63F060000000000506240060000000000306F400600000000000032C006000000000000F03F060000000000506240060100000000B06F400601000000000032C006CD3B7F669EA0E63F060000000000D06240060000000000B06F400600000000000032C0060000
310
00000000F03F0600000000000000000D0C6E756C6C5F737572666163650D0C6E756C6C5F737572666163650D066E756C6C62730D066E756C6C62730B0B04000000000400000000040000000004000000000A0600000000000000000A06182D4454FB21294015000000001500000000100A0600000000000000000A06182D44
310
54FB212940110D06636F656467650CFFFFFFFF04FFFFFFFF0CFFFFFFFF0C7E0200000C7D0200000CD40200000CD50200000B0C7F02000004000000000CD6020000110D04656467650CFFFFFFFF04FFFFFFFF0CFFFFFFFF0CD70200000600000000000000000C8202000006E8FFFFFFFFFF2B400CAB0200000CD80200000B07
310
07756E6B6E6F776E110D067063757276650CFFFFFFFF04FFFFFFFF0CFFFFFFFF04000000000B0F0D0B6578705F7061725F6375720D046E75627304010000001500000000040200000006E8FFFFFFFFFF2BC004010000000600000000000000000401000000060000000000002C4006182D4454FB2139400600000000000000
310
0006182D4454FB2139400600000000000000000D0673706C696E650B0F0D0372656604E3000000100A0600000000000000000A060000000000002C400A06182D4454FB2129400A06182D4454FB21394010060000000000000000060000000000000000110D04656467650CFFFFFFFF04FFFFFFFF0CFFFFFFFF0CD902000006
310
00000000000000000C81020000060000000000002C400C7E0200000CDA0200000B0707756E6B6E6F776E110D067063757276650CFFFFFFFF04FFFFFFFF0CFFFFFFFF04000000000B0F0D0B6578705F7061725F6375720D046E7562730401000000150000000004020000000600000000000000000401000000060000000000
310
002C40040100000006000000000000000006182D4454FB212940060000000000002C4006182D4454FB2129400600000000000000000D0673706C696E650B0F0D0372656604E3000000100A0600000000000000000A060000000000002C400A06182D4454FB2129400A06182D4454FB21394010060000000000000000060000
310
000000000000110D04666163650CFFFFFFFF04FFFFFFFF0CFFFFFFFF0CDB0200000C7F0200000C040000000CFFFFFFFF0CDC0200000B0B110D05706F696E740CFFFFFFFF04FFFFFFFF0CFFFFFFFF130000000000D062400000000000B06F4000000000000032C0110D05706F696E740CFFFFFFFF04FFFFFFFF0CFFFFFFFF13
310
0000000000D062400000000000B06E40FFFFFFFFFFFF31C0110D06636F656467650CFFFFFFFF04FFFFFFFF0CFFFFFFFF0C850200000C840200000CDD0200000CDE0200000B0C8602000004000000000CDF020000110D067063757276650CFFFFFFFF04FFFFFFFF0CFFFFFFFF04000000000B0F0D0B6578705F7061725F6375
310
720D046E756273040100000015000000000402000000060000000000002CC004010000000600000000000000000401000000060000000000002C4006182D4454FB21294006000000000000000006182D4454FB2129400600000000000000000D0673706C696E650B0F0D0372656604E6000000100A0600000000000000000A
310
060000000000002C400A0600000000000000000A06182D4454FB21294010060000000000000000060000000000000000110D067063757276650CFFFFFFFF04FFFFFFFF0CFFFFFFFF04000000000B0F0D0B6578705F7061725F6375720D046E7562730401000000150000000004020000000600000000000000000401000000
310
06E8FFFFFFFFFF2B40040100000006000000000000000006000000000000000006FFFFFFFFFFFF2B400600000000000000000600000000000000000D0673706C696E650B0F0D0372656604E6000000100A0600000000000000000A060000000000002C400A0600000000000000000A06182D4454FB21294010060000000000
310
000000060000000000000000110D04666163650CFFFFFFFF04FFFFFFFF0CFFFFFFFF0CD30200000C860200000C040000000CFFFFFFFF0CE00200000B0B110D06636F656467650CFFFFFFFF04FFFFFFFF0CFFFFFFFF0CDD0200000CDD0200000C890200000CBC0200000A0CE102000004000000000CE2020000110D04656467
310
650CFFFFFFFF04FFFFFFFF0CFFFFFFFF0CBE02000006182D4454FB2139C00CC002000006182D4454FB2129C00C890200000CE30200000B0707756E6B6E6F776E110D067063757276650CFFFFFFFF04FFFFFFFF0CFFFFFFFF04000000000B0F0D0B6578705F7061725F6375720D046E75627304010000001500000000040200
310
000006182D4454FB2139C0040100000006182D4454FB2129C0040100000006000000000000000006182D4454FB21394006000000000000000006182D4454FB2129400600000000000000000D0673706C696E650B0F0D0372656604D0000000100A0600000000000000000A060000000000002C400A06182D4454FB2129400A
310
06182D4454FB21394010060000000000000000060000000000000000110D067665727465780CFFFFFFFF04FFFFFFFF0CFFFFFFFF0C8A02000004020000000CE4020000110E08696E7463757276650D0563757276650CFFFFFFFF04FFFFFFFF0CFFFFFFFF0B0F0D0D65786163745F696E745F63757204A45100001500000000
310
0D056E75726273040100000015000000000402000000060000000000000000040100000006E8FFFFFFFFFF2B400401000000060000000000B87340060000000000B06E400600000000000010C006000000000000F03F060000000000B87340060000000000B06E4006FFFFFFFFFFFF31C006000000000000F03F0600000000
310
000000000D0C6E756C6C5F737572666163650D0C6E756C6C5F737572666163650D066E756C6C62730D066E756C6C62730B0B04000000000400000000040000000004000000000A0600000000000000000A06E8FFFFFFFFFF2B4015000000001500000000100A0600000000000000000A06E8FFFFFFFFFF2B40110D06766572
310
7465780CFFFFFFFF04FFFFFFFF0CFFFFFFFF0C8C02000004020000000CE5020000110E08696E7463757276650D0563757276650CFFFFFFFF04FFFFFFFF0CFFFFFFFF0B0F0D0D65786163745F696E745F63757204A451000015000000000D056E75726273040100000015000000000402000000060000000000000000040100
310
0000060000000000002C400401000000060000000000B87340060000000000B06F400600000000000010C006000000000000F03F060000000000B87340060000000000B06F400600000000000032C006000000000000F03F0600000000000000000D0C6E756C6C5F737572666163650D0C6E756C6C5F737572666163650D06
310
6E756C6C62730D066E756C6C62730B0B04000000000400000000040000000004000000000A0600000000000000000A060000000000002C4015000000001500000000100A0600000000000000000A060000000000002C40110D04666163650CFFFFFFFF04FFFFFFFF0CFFFFFFFF0CB40200000CE10200000C040000000CFFFF
310
FFFF0CE60200000B0B110E0673706C696E650D07737572666163650CFFFFFFFF04FFFFFFFF0CFFFFFFFF0B0F0D0372656604D0000000100A0600000000000000000A060000000000002C400A06182D4454FB2129400A06182D4454FB213940110D06636F656467650CFFFFFFFF04FFFFFFFF0CFFFFFFFF0C950200000C9502
310
00000C910200000CC50200000B0CC802000004000000000CE7020000110D04656467650CFFFFFFFF04FFFFFFFF0CFFFFFFFF0C9802000006182D4454FB2119C00C9A02000006182D4454FB2109C00C910200000CE80200000B0707756E6B6E6F776E110D067063757276650CFFFFFFFF04FFFFFFFF0CFFFFFFFF0400000000
310
0B0F0D0B6578705F7061725F6375720D046E75627304010000001500000000040200000006182D4454FB210940040100000006182D4454FB211940040100000006000000000000224006182D4454FB21094006000000000000224006182D4454FB2119400600000000000000000D0673706C696E650B0F0D0372656604D300
310
0000100A0600000000000000000A0600000000000022400A06182D4454FB2109400A06182D4454FB21194010060000000000000000060000000000000000110E0673706C696E650D07737572666163650CFFFFFFFF04FFFFFFFF0CFFFFFFFF0B0F0D0372656604D3000000100A0600000000000000000A0600000000000022
310
400A06182D4454FB2109400A06182D4454FB211940110D046C6F6F700CFFFFFFFF04FFFFFFFF0CFFFFFFFF0CFFFFFFFF0CC40200000C9C020000110D067063757276650CFFFFFFFF04FFFFFFFF0CFFFFFFFF04000000000B0F0D0B6578705F7061725F6375720D056E7572627304020000001500000000040300000006182D
310
4454FB2109C0040200000006182D4454FB21F9BF0402000000060000000000000000040200000006E0FFFFFFFFFF03C006000000000000000006000000000000F03F06D3FFFFFFFFFF03C0062D000000000004C006CD3B7F669EA0E63F06000000000000103D0600000000000004C006000000000000F03F062D0000000000
310
0440062D000000000004C006CD3B7F669EA0E63F06200000000000044006000000000000000006000000000000F03F0600000000000000000D05706C616E65133433333333835E406666666666BE6E4000000000000022C01400000000000000000000000000000000000000000000F0BF14000000000000F0BF0000000000
310
00000000000000000000000B0B0B0B0B10060000000000000000060000000000000000110E08696E7463757276650D0563757276650CFFFFFFFF04FFFFFFFF0CFFFFFFFF0B0F0D0D65786163745F696E745F63757204A451000015000000000D056E7572627304020000001500000000040300000006182D4454FB2109C004
310
0200000006182D4454FB21F9BF04020000000600000000000000000402000000060100000000405E40060000000000306F400600000000000022C006000000000000F03F060000000000405E40060000000000E06E400600000000000022C006CD3B7F669EA0E63F060100000000A05D40060000000000E06E400600000000
310
000022C006000000000000F03F060000000000005D40060000000000E06E400600000000000022C006CD3B7F669EA0E63F060100000000005D40060000000000306F400600000000000022C006000000000000F03F0600000000000000000D0C6E756C6C5F737572666163650D0C6E756C6C5F737572666163650D066E756C
310
6C62730D066E756C6C62730B0B04000000000400000000040000000004000000000A06182D4454FB2109C00A06000000000000000015000000001500000000100A06182D4454FB2109C00A060000000000000000110D05706F696E740CFFFFFFFF04FFFFFFFF0CFFFFFFFF130100000000005D400000000000306F40000000
310
00000022C0110D05706F696E740CFFFFFFFF04FFFFFFFF0CFFFFFFFF130100000000405E400000000000306F4000000000000022C0110E05706C616E650D07737572666163650CFFFFFFFF04FFFFFFFF0CFFFFFFFF133433333333835E406666666666BE6E4000000000000022C01400000000000000000000000000000000
310
000000000000F0BF14000000000000F0BF000000000000000000000000000000000B0B0B0B0B110D067063757276650CFFFFFFFF04FFFFFFFF0CFFFFFFFF04000000000B0F0D0B6578705F7061725F6375720D056E7572627304020000001500000000040300000006182D4454FB2119C0040200000006D221337F7CD912C0
310
040200000006182D4454FB2109C0040200000006000000000000044006000000000000000006000000000000F03F062D00000000000440062D0000000000044006CD3B7F669EA0E63F06000000000000000006000000000000044006000000000000F03F062D000000000004C0062D0000000000044006CD3B7F669EA0E63F
310
0600000000000004C006000000000000000006000000000000F03F0600000000000000000D05706C616E6513CDCCCCCCCCF071406666666666BE6E4000000000000022C01400000000000000000000000000000000000000000000F0BF14000000000000F0BF000000000000000000000000000000000B0B0B0B0B10060000
310
000000000000060000000000000000110E08696E7463757276650D0563757276650CFFFFFFFF04FFFFFFFF0CFFFFFFFF0B0F0D0D65786163745F696E745F63757204A451000015000000000D056E7572627304020000001500000000040300000006182D4454FB2119C0040200000006D221337F7CD912C004020000000618
310
2D4454FB2109C00402000000060000000000907140060000000000306F400600000000000022C006000000000000F03F060000000000907140060000000000806F400600000000000022C006CD3B7F669EA0E63F060000000000B87140060000000000806F400600000000000022C006000000000000F03F060000000000E0
310
7140060000000000806F400600000000000022C006CD3B7F669EA0E63F060000000000E07140060000000000306F400600000000000022C006000000000000F03F0600000000000000000D0C6E756C6C5F737572666163650D0C6E756C6C5F737572666163650D066E756C6C62730D066E756C6C62730B0B04000000000400
310
000000040000000004000000000A06182D4454FB2119C00A06182D4454FB2109C015000000001500000000100A06182D4454FB2119C00A06182D4454FB2109C0110D06636F656467650CFFFFFFFF04FFFFFFFF0CFFFFFFFF0CAB0200000CAA0200000CE90200000CEA0200000B0CAC02000004000000000CEB020000110D06
310
7063757276650CFFFFFFFF04FFFFFFFF0CFFFFFFFF04000000000B0F0D0B6578705F7061725F6375720D046E756273040100000015000000000402000000060000000000002CC004010000000600000000000000000401000000060000000000002C4006182D4454FB21294006000000000000000006182D4454FB21294006
310
00000000000000000D0673706C696E650B0F0D0372656604F5000000100A0600000000000000000A060000000000002C400A0600000000000000000A06182D4454FB21294010060000000000000000060000000000000000110D067063757276650CFFFFFFFF04FFFFFFFF0CFFFFFFFF04000000000B0F0D0B6578705F7061
310
725F6375720D046E756273040100000015000000000402000000060000000000000000040100000006E8FFFFFFFFFF2B40040100000006000000000000000006000000000000000006FFFFFFFFFFFF2B400600000000000000000600000000000000000D0673706C696E650B0F0D0372656604F5000000100A060000000000
310
0000000A060000000000002C400A0600000000000000000A06182D4454FB21294010060000000000000000060000000000000000110D04666163650CFFFFFFFF04FFFFFFFF0CFFFFFFFF0CFFFFFFFF0CAC0200000C040000000CFFFFFFFF0CEC0200000B0B110D06636F656467650CFFFFFFFF04FFFFFFFF0CFFFFFFFF0CE9
310
0200000CE90200000CAF0200000CD50200000A0CED02000004000000000CEE020000110D04656467650CFFFFFFFF04FFFFFFFF0CFFFFFFFF0CD702000006182D4454FB2139C00CD902000006182D4454FB2129C00CAF0200000CEF0200000B0707756E6B6E6F776E110D067063757276650CFFFFFFFF04FFFFFFFF0CFFFFFF
310
FF04000000000B0F0D0B6578705F7061725F6375720D046E75627304010000001500000000040200000006182D4454FB2139C0040100000006182D4454FB2129C0040100000006000000000000000006182D4454FB21394006000000000000000006182D4454FB2129400600000000000000000D0673706C696E650B0F0D03
310
72656604E3000000100A0600000000000000000A060000000000002C400A06182D4454FB2129400A06182D4454FB21394010060000000000000000060000000000000000110D067665727465780CFFFFFFFF04FFFFFFFF0CFFFFFFFF0CB002000004020000000CF0020000110E08696E7463757276650D0563757276650CFF
310
FFFFFF04FFFFFFFF0CFFFFFFFF0B0F0D0D65786163745F696E745F63757204A451000015000000000D056E75726273040100000015000000000402000000060000000000000000040100000006E8FFFFFFFFFF2B400401000000060000000000D06240060000000000B06E400600000000000010C006000000000000F03F06
310
0000000000D06240060000000000B06E4006FFFFFFFFFFFF31C006000000000000F03F0600000000000000000D0C6E756C6C5F737572666163650D0C6E756C6C5F737572666163650D066E756C6C62730D066E756C6C62730B0B04000000000400000000040000000004000000000A0600000000000000000A06E8FFFFFFFF
310
FF2B4015000000001500000000100A0600000000000000000A06E8FFFFFFFFFF2B40110D067665727465780CFFFFFFFF04FFFFFFFF0CFFFFFFFF0CB202000004020000000CF1020000110E08696E7463757276650D0563757276650CFFFFFFFF04FFFFFFFF0CFFFFFFFF0B0F0D0D65786163745F696E745F63757204A45100
310
0015000000000D056E757262730401000000150000000004020000000600000000000000000401000000060000000000002C400401000000060000000000D06240060000000000B06F400600000000000010C006000000000000F03F060000000000D06240060000000000B06F400600000000000032C006000000000000F0
310
3F0600000000000000000D0C6E756C6C5F737572666163650D0C6E756C6C5F737572666163650D066E756C6C62730D066E756C6C62730B0B04000000000400000000040000000004000000000A0600000000000000000A060000000000002C4015000000001500000000100A0600000000000000000A060000000000002C40
310
110D04666163650CFFFFFFFF04FFFFFFFF0CFFFFFFFF0CD20000000CED0200000C040000000CFFFFFFFF0CF20200000B0B110E0673706C696E650D07737572666163650CFFFFFFFF04FFFFFFFF0CFFFFFFFF0B0F0D0372656604E3000000100A0600000000000000000A060000000000002C400A06182D4454FB2129400A06
310
182D4454FB213940110D06636F656467650CFFFFFFFF04FFFFFFFF0CFFFFFFFF0CBB0200000CBB0200000CB70200000CDE0200000A0CE102000004000000000CF3020000110D04656467650CFFFFFFFF04FFFFFFFF0CFFFFFFFF0CC002000006182D4454FB2129C00CBE0200000600000000000000000CB70200000CF40200
310
000B0707756E6B6E6F776E110D067063757276650CFFFFFFFF04FFFFFFFF0CFFFFFFFF04000000000B0F0D0B6578705F7061725F6375720D046E75627304010000001500000000040200000006182D4454FB2129C00401000000060000000000000000040100000006000000000000000006182D4454FB2129400600000000
310
000000000600000000000000000600000000000000000D0673706C696E650B0F0D0372656604E6000000100A0600000000000000000A060000000000002C400A0600000000000000000A06182D4454FB21294010060000000000000000060000000000000000110E0673706C696E650D07737572666163650CFFFFFFFF04FF
310
FFFFFF0CFFFFFFFF0B0F0D0372656604E6000000100A0600000000000000000A060000000000002C400A0600000000000000000A06182D4454FB212940110D046C6F6F700CFFFFFFFF04FFFFFFFF0CFFFFFFFF0CFFFFFFFF0CDD0200000CC2020000110D067063757276650CFFFFFFFF04FFFFFFFF0CFFFFFFFF0400000000
310
0B0F0D0B6578705F7061725F6375720D056E7572627304020000001500000000040300000006182D4454FB212940040200000006D221337F7CD93240040200000006182D4454FB21394004020000000600000000000010C006000000000000000006000000000000F03F0624000000000010C006EEFFFFFFFFFF0FC006CD3B
310
7F669EA0E63F0600000000000000000600000000000010C006000000000000F03F06EEFFFFFFFFFF0F4006EEFFFFFFFFFF0FC006CD3B7F669EA0E63F06000000000000104006000000000000000006000000000000F03F0600000000000000000D05706C616E6513E17A14AE47097440C3F5285C8FD26F4000000000000010
310
C01400000000000000000000000000000000000000000000F0BF140000000000000000000000000000F0BF00000000000000000B0B0B0B0B10060000000000000000060000000000000000110E08696E7463757276650D0563757276650CFFFFFFFF04FFFFFFFF0CFFFFFFFF0B0F0D0D65786163745F696E745F63757204A4
310
51000015000000000D056E7572627304020000001500000000040300000006182D4454FB2139C0040200000006D221337F7CD932C0040200000006182D4454FB2129C00402000000060000000000B87340060000000000B06E400600000000000010C006000000000000F03F060000000000F87340060000000000B06E4006
310
24000000000010C006CD3B7F669EA0E63F060000000000F87340060000000000306F400600000000000010C006000000000000F03F060000000000F87340060100000000B06F400624000000000010C006CD3B7F669EA0E63F060000000000B87340060000000000B06F400600000000000010C006000000000000F03F0600
310
000000000000000D0C6E756C6C5F737572666163650D0C6E756C6C5F737572666163650D066E756C6C62730D066E756C6C62730B0B04000000000400000000040000000004000000000A06182D4454FB2139C00A06182D4454FB2129C015000000001500000000100A06182D4454FB2139C00A06182D4454FB2129C0110D05
310
706F696E740CFFFFFFFF04FFFFFFFF0CFFFFFFFF130000000000B873400000000000B06E4000000000000010C0110D05706F696E740CFFFFFFFF04FFFFFFFF0CFFFFFFFF130000000000B873400000000000B06F4000000000000010C0110E05706C616E650D07737572666163650CFFFFFFFF04FFFFFFFF0CFFFFFFFF13E1
310
7A14AE47097440C3F5285C8FD26F4000000000000010C01400000000000000000000000000000000000000000000F0BF140000000000000000000000000000F0BF00000000000000000B0B0B0B0B110D067063757276650CFFFFFFFF04FFFFFFFF0CFFFFFFFF04000000000B0F0D0B6578705F7061725F6375720D056E7572
310
627304020000001500000000040300000006182D4454FB2119C0040200000006D221337F7CD912C0040200000006182D4454FB2109C0040200000006200000000000044006000000000000000006000000000000F03F062D00000000000440062D0000000000044006CD3B7F669EA0E63F06000000000000103D0600000000
310
0000044006000000000000F03F06D3FFFFFFFFFF03C0062D0000000000044006CD3B7F669EA0E63F06E0FFFFFFFFFF03C006000000000000000006000000000000F03F0600000000000000000D05706C616E65133433333333835E406666666666BE6E4000000000000022C014000000000000000000000000000000000000
310
00000000F0BF14000000000000F0BF000000000000000000000000000000000B0B0B0B0B10060000000000000000060000000000000000110E08696E7463757276650D0563757276650CFFFFFFFF04FFFFFFFF0CFFFFFFFF0B0F0D0D65786163745F696E745F63757204A451000015000000000D056E757262730402000000
310
1500000000040300000006182D4454FB2119C0040200000006D221337F7CD912C0040200000006182D4454FB2109C00402000000060100000000005D40060000000000306F400600000000000022C006000000000000F03F060000000000005D40060000000000806F400600000000000022C006CD3B7F669EA0E63F060100
310
000000A05D40060000000000806F400600000000000022C006000000000000F03F060000000000405E40060000000000806F400600000000000022C006CD3B7F669EA0E63F060100000000405E40060000000000306F400600000000000022C006000000000000F03F0600000000000000000D0C6E756C6C5F737572666163
310
650D0C6E756C6C5F737572666163650D066E756C6C62730D066E756C6C62730B0B04000000000400000000040000000004000000000A06182D4454FB2119C00A06182D4454FB2109C015000000001500000000100A06182D4454FB2119C00A06182D4454FB2109C0110D06636F656467650CFFFFFFFF04FFFFFFFF0CFFFFFF
310
FF0CD40200000CD40200000CD00200000CEA0200000A0CED02000004000000000CF5020000110D04656467650CFFFFFFFF04FFFFFFFF0CFFFFFFFF0CD902000006182D4454FB2129C00CD70200000600000000000000000CD00200000CF60200000B0707756E6B6E6F776E110D067063757276650CFFFFFFFF04FFFFFFFF0C
310
FFFFFFFF04000000000B0F0D0B6578705F7061725F6375720D046E75627304010000001500000000040200000006182D4454FB2129C00401000000060000000000000000040100000006000000000000000006182D4454FB2129400600000000000000000600000000000000000600000000000000000D0673706C696E650B
310
0F0D0372656604F5000000100A0600000000000000000A060000000000002C400A0600000000000000000A06182D4454FB21294010060000000000000000060000000000000000110E0673706C696E650D07737572666163650CFFFFFFFF04FFFFFFFF0CFFFFFFFF0B0F0D0372656604F5000000100A060000000000000000
310
0A060000000000002C400A0600000000000000000A06182D4454FB212940110D046C6F6F700CFFFFFFFF04FFFFFFFF0CFFFFFFFF0CFFFFFFFF0CE90200000CDB020000110D067063757276650CFFFFFFFF04FFFFFFFF0CFFFFFFFF04000000000B0F0D0B6578705F7061725F6375720D056E75726273040200000015000000
310
00040300000006182D4454FB212940040200000006D221337F7CD93240040200000006182D4454FB21394004020000000600000000000010C006000000000000000006000000000000F03F0624000000000010C00624000000000010C006CD3B7F669EA0E63F0600000000000020BD0600000000000010C006000000000000
310
F03F06EEFFFFFFFFFF0F400624000000000010C006CD3B7F669EA0E63F0600000000000010400600000000000020BD06000000000000F03F0600000000000000000D05706C616E6513C3F5285C8F726340C3F5285C8FD26F4000000000000010C01400000000000000000000000000000000000000000000F0BF1400000000
310
00000000000000000000F0BF00000000000000000B0B0B0B0B10060000000000000000060000000000000000110E08696E7463757276650D0563757276650CFFFFFFFF04FFFFFFFF0CFFFFFFFF0B0F0D0D65786163745F696E745F63757204A451000015000000000D056E7572627304020000001500000000040300000006
310
182D4454FB2139C0040200000006D221337F7CD932C0040200000006182D4454FB2129C00402000000060000000000D06240060000000000B06E400600000000000010C006000000000000F03F060000000000506340060000000000B06E400624000000000010C006CD3B7F669EA0E63F0600000000005063400600000000
310
00306F400600000000000010C006000000000000F03F060000000000506340060100000000B06F400624000000000010C006CD3B7F669EA0E63F060000000000D06240060000000000B06F400600000000000010C006000000000000F03F0600000000000000000D0C6E756C6C5F737572666163650D0C6E756C6C5F737572
310
666163650D066E756C6C62730D066E756C6C62730B0B04000000000400000000040000000004000000000A06182D4454FB2139C00A06182D4454FB2129C015000000001500000000100A06182D4454FB2139C00A06182D4454FB2129C0110D05706F696E740CFFFFFFFF04FFFFFFFF0CFFFFFFFF130000000000D062400000
310
000000B06E4000000000000010C0110D05706F696E740CFFFFFFFF04FFFFFFFF0CFFFFFFFF130000000000D062400000000000B06F4000000000000010C0110E05706C616E650D07737572666163650CFFFFFFFF04FFFFFFFF0CFFFFFFFF13C3F5285C8F726340C3F5285C8FD26F4000000000000010C01400000000000000
310
000000000000000000000000000000F0BF140000000000000000000000000000F0BF00000000000000000B0B0B0B0B110D067063757276650CFFFFFFFF04FFFFFFFF0CFFFFFFFF04000000000B0F0D0B6578705F7061725F6375720D056E757262730402000000150000000004030000000600000000000000000402000000
310
06182D4454FB211940040200000006182D4454FB212940040200000006000000000000104006000000000000000006000000000000F03F06EEFFFFFFFFFF0F4006EEFFFFFFFFFF0F4006CD3B7F669EA0E63F06000000000000000006000000000000104006000000000000F03F0624000000000010C006EEFFFFFFFFFF0F40
310
06CD3B7F669EA0E63F0600000000000010C006000000000000000006000000000000F03F0600000000000000000D05706C616E6513E17A14AE47097440C3F5285C8FD26F4000000000000010C01400000000000000000000000000000000000000000000F0BF140000000000000000000000000000F0BF0000000000000000
310
0B0B0B0B0B10060000000000000000060000000000000000110E08696E7463757276650D0563757276650CFFFFFFFF04FFFFFFFF0CFFFFFFFF0B0F0D0D65786163745F696E745F63757204A451000015000000000D056E7572627304020000001500000000040300000006182D4454FB2129C0040200000006182D4454FB21
310
19C004020000000600000000000000000402000000060000000000B87340060000000000B06F400600000000000010C006000000000000F03F060000000000787340060100000000B06F400624000000000010C006CD3B7F669EA0E63F060000000000787340060000000000306F400600000000000010C006000000000000
310
F03F060000000000787340060000000000B06E400624000000000010C006CD3B7F669EA0E63F060000000000B87340060000000000B06E400600000000000010C006000000000000F03F0600000000000000000D0C6E756C6C5F737572666163650D0C6E756C6C5F737572666163650D066E756C6C62730D066E756C6C6273
310
0B0B04000000000400000000040000000004000000000A06182D4454FB2129C00A06000000000000000015000000001500000000100A06182D4454FB2129C00A060000000000000000110D067063757276650CFFFFFFFF04FFFFFFFF0CFFFFFFFF04000000000B0F0D0B6578705F7061725F6375720D056E75726273040200
310
000015000000000403000000060000000000000000040200000006182D4454FB211940040200000006182D4454FB21294004020000000600000000000010400600000000000020BD06000000000000F03F06240000000000104006C0FFFFFFFFFF0F4006CD3B7F669EA0E63F06000000000000000006000000000000104006
310
000000000000F03F06EEFFFFFFFFFF0FC006C0FFFFFFFFFF0F4006CD3B7F669EA0E63F0600000000000010C006000000000000000006000000000000F03F0600000000000000000D05706C616E6513C3F5285C8F726340C3F5285C8FD26F4000000000000010C01400000000000000000000000000000000000000000000F0
310
BF140000000000000000000000000000F0BF00000000000000000B0B0B0B0B10060000000000000000060000000000000000110E08696E7463757276650D0563757276650CFFFFFFFF04FFFFFFFF0CFFFFFFFF0B0F0D0D65786163745F696E745F63757204A451000015000000000D056E7572627304020000001500000000
310
040300000006182D4454FB2129C0040200000006182D4454FB2119C004020000000600000000000000000402000000060000000000D06240060000000000B06F400600000000000010C006000000000000F03F060000000000506240060100000000B06F400624000000000010C006CD3B7F669EA0E63F0600000000005062
310
40060000000000306F400600000000000010C006000000000000F03F060000000000506240060000000000B06E400624000000000010C006CD3B7F669EA0E63F060000000000D06240060000000000B06E400600000000000010C006000000000000F03F0600000000000000000D0C6E756C6C5F737572666163650D0C6E75
310
6C6C5F737572666163650D066E756C6C62730D066E756C6C62730B0B04000000000400000000040000000004000000000A06182D4454FB2129C00A06000000000000000015000000001500000000100A06182D4454FB2129C00A060000000000000000110E03456E640E026F660E0341534D0D0464617461
  0
ENDSEC
  0
EOF
